WF1,WF2,L1,L2,L3
20,0,29,19,38
3,9,45,5,18
0,5,36,16,74
23,8,48,24,1
8,4,8,53,33
7,9,12,70,46
7,8,11,91,92
4,2,53,32,65
23,5,24,112,95
3,4,18,97,111
21,4,35,109,66
23,9,31,108,51
28,4,2,71,61
17,8,52,44,79
2,10,52,46,21
18,1,19,57,44
13,2,53,80,82
1,6,37,91,19
0,0,19,15,75
2,4,31,55,109
6,10,35,8,64
7,2,47,61,40
16,2,29,53,66
19,3,14,67,47
0,2,1,64,48
17,5,50,101,110
6,3,0,2,62
22,10,9,21,82
20,6,16,76,21
22,7,19,35,111
17,2,40,89,67
13,9,53,16,61
7,10,40,37,22
14,4,30,5,61
18,10,7,72,48
8,6,41,7,1
25,6,42,101,85
27,7,18,88,8
0,1,26,24,43
24,10,11,94,28
25,1,31,104,39
5,6,44,50,26
22,8,41,63,28
13,4,15,87,19
10,5,1,68,35
8,7,7,111,77
4,7,48,65,99
6,5,17,9,93
30,9,31,21,101
24,0,4,56,15
10,1,38,96,83
3,7,47,65,25
2,10,23,49,45
12,10,37,71,63
3,5,30,99,58
11,1,36,49,72
27,8,27,51,81
11,6,55,77,1
19,3,16,34,107
8,6,40,26,95
25,3,43,23,108
1,7,30,0,104
23,4,44,20,100
14,5,52,73,100
17,4,7,27,67
3,5,23,75,29
29,8,32,89,94
12,9,46,1,25
2,2,36,112,46
17,9,1,101,85
9,7,54,65,4
26,5,16,58,51
20,10,10,64,80
19,0,37,90,12
28,0,3,92,42
27,1,9,67,64
11,10,20,33,8
18,7,29,38,34
6,0,56,109,70
22,1,44,28,68
2,2,8,37,108
1,7,22,90,94
21,7,10,34,68
7,0,3,70,111
24,6,17,15,10
9,3,23,21,102
2,2,26,28,7
27,10,40,5,57
7,4,22,68,72
27,2,3,30,66
3,4,18,37,31
12,1,18,5,31
8,10,33,81,32
14,5,40,18,102
20,4,4,35,94
26,1,32,17,23
11,5,12,34,88
5,10,49,111,83
11,10,40,101,109
11,2,11,6,31
6,0,48,82,29
21,6,6,31,88
8,10,38,105,91
22,4,48,26,58
29,3,10,68,22
21,6,34,14,5
20,10,20,0,77
2,1,55,83,34
19,1,20,44,70
20,0,52,80,35
5,3,54,77,11
17,7,43,47,95
23,1,51,41,24
7,2,19,10,93
5,9,17,90,106
14,3,43,70,8
12,8,44,33,16
8,10,44,92,66
29,7,23,17,38
20,0,6,52,7
22,0,34,78,26
17,5,37,37,29
7,1,22,41,31
21,6,52,7,74
10,2,9,80,97
26,7,0,104,74
24,1,8,1,61
24,3,33,105,59
1,6,18,45,12
7,1,23,28,68
26,1,49,93,112
1,1,31,35,100
25,5,26,22,6
10,5,21,32,40
12,4,10,2,101
8,2,6,68,81
2,6,13,84,9
6,2,9,111,25
29,10,32,99,61
30,10,14,99,14
18,2,53,74,56
28,1,12,13,10
22,8,50,92,60
10,9,35,95,25
6,0,39,88,12
20,9,44,48,69
15,10,53,83,75
12,2,33,32,27
28,7,54,111,76
29,5,34,80,62
20,3,45,81,38
14,10,35,77,72
4,2,44,70,1
8,6,48,26,74
4,9,51,104,55
7,10,7,56,110
23,7,26,28,14
17,3,29,41,92
17,1,4,34,56
8,1,7,26,99
23,2,52,74,82
18,1,8,80,24
13,9,1,103,75
28,6,30,109,103
18,5,22,96,81
12,6,19,50,78
11,5,44,19,96
7,2,23,57,58
4,3,8,29,0
16,4,52,93,32
15,10,28,92,96
2,1,56,55,52
24,3,38,47,76
1,8,33,18,34
27,9,48,61,63
3,9,21,11,80
4,9,11,63,22
20,4,45,23,42
5,0,19,58,64
25,10,1,23,61
21,4,47,104,65
13,3,52,110,36
19,8,7,22,82
2,9,14,24,38
12,8,8,72,33
12,3,54,62,111
19,6,44,93,68
14,4,9,23,31
16,10,44,82,43
8,0,14,36,35
17,3,19,2,86
27,7,8,39,71
30,6,13,20,64
0,1,8,22,39
21,3,5,104,80
23,7,27,50,56
3,10,44,87,14
21,9,48,77,96
28,1,50,24,23
17,8,7,8,62
24,0,4,18,0
8,5,1,9,40
24,5,49,54,65
20,2,30,31,60
10,6,48,58,63
3,9,27,82,20
9,6,2,51,22
13,5,12,12,8
5,8,6,92,97
14,10,2,67,55
0,2,50,17,86
30,7,42,93,38
23,1,32,96,12
28,0,37,103,110
23,9,3,1,56
8,1,30,77,43
16,0,7,12,81
24,4,16,48,87
5,3,2,49,68
16,0,4,2,105
29,0,19,14,23
3,6,42,105,24
27,8,0,1,99
20,4,48,97,13
9,10,6,106,97
26,8,50,82,29
20,6,7,5,27
16,6,38,16,39
19,6,13,31,64
6,1,37,98,39
4,10,12,10,40
11,8,11,34,98
24,8,42,18,67
5,9,22,80,60
17,2,1,76,13
30,4,5,1,87
24,1,9,101,38
29,4,54,1,78
16,1,47,101,26
29,8,17,13,73
0,3,37,69,86
19,2,22,94,19
10,8,22,104,41
15,5,10,43,20
0,6,54,109,24
3,9,32,90,98
29,10,49,10,50
11,10,46,25,100
28,10,39,17,21
26,10,15,61,109
25,1,32,97,20
9,4,36,72,78
7,6,4,56,84
1,3,6,104,20
7,0,52,20,41
28,3,37,39,66
18,1,48,42,60
30,6,0,61,83
2,1,33,19,76
2,7,13,31,100
23,9,45,7,53
15,9,12,69,99
26,0,18,88,92
2,4,10,34,34
24,10,48,80,29
17,10,34,69,33
24,2,0,15,60
4,1,46,2,109
4,0,6,105,106
21,2,13,5,38
15,0,32,13,47
30,2,54,69,18
17,7,45,37,39
5,5,30,13,42
8,8,23,65,93
16,8,44,107,45
27,4,37,53,106
19,2,11,18,95
13,5,28,0,40
30,2,43,28,57
6,4,6,3,39
29,1,11,29,54
17,0,53,54,72
24,5,22,49,50
23,6,24,18,97
22,4,27,45,53
6,8,13,83,0
22,1,32,36,97
9,4,14,28,51
12,9,26,112,7
21,10,7,87,52
20,1,48,49,45
11,7,20,87,82
14,7,7,91,103
28,8,29,105,17
16,5,7,14,58
14,0,33,62,98
3,7,8,21,35
7,9,31,14,2
7,2,48,28,104
2,5,23,13,90
10,2,45,36,25
0,4,18,45,26
18,1,35,9,84
17,9,46,78,91
7,10,2,42,32
18,1,5,15,37
7,3,20,46,106
0,8,31,10,47
2,0,7,5,3
22,0,24,77,41
20,0,18,19,54
1,3,29,22,101
7,0,38,54,48
2,7,47,67,41
28,5,19,42,71
1,6,43,76,71
27,2,53,23,94
10,2,28,86,25
2,0,14,54,102
16,8,35,19,27
7,10,26,85,79
8,6,18,87,64
21,3,54,38,56
15,5,27,79,109
6,3,12,104,35
17,6,54,36,13
4,5,4,44,9
23,4,53,112,31
29,1,51,13,20
28,9,30,34,41
18,5,43,63,92
18,1,23,84,61
15,8,11,47,92
7,10,0,33,75
25,0,43,103,60
15,2,31,91,5
25,3,43,102,99
13,8,6,9,84
6,0,25,100,49
3,6,28,0,88
3,1,33,110,90
21,7,42,19,62
13,4,43,99,31
11,4,5,83,35
13,5,7,18,77
13,1,9,40,75
14,8,25,18,48
27,7,25,49,7
23,0,44,57,12
1,5,37,92,7
21,3,6,101,81
20,4,47,100,43
20,9,10,61,35
3,4,4,104,68
1,9,23,8,47
12,3,12,14,56
23,7,21,73,36
10,5,12,54,14
25,9,38,93,60
27,7,54,35,17
3,3,25,18,112
7,8,7,11,95
6,3,14,41,9
6,2,53,16,41
17,0,27,23,99
14,6,46,98,93
4,0,31,49,52
13,3,17,45,105
5,8,48,40,19
8,5,45,63,111
14,10,49,54,19
7,0,37,61,75
27,5,37,88,38
29,0,17,52,73
2,10,48,77,25
14,6,50,101,71
25,4,51,81,11
27,1,41,42,56
27,3,25,17,31
17,8,22,102,41
3,3,30,83,73
1,6,42,31,69
20,7,38,49,97
17,0,25,53,84
26,2,31,70,33
0,4,32,63,71
2,1,17,68,67
29,0,9,68,104
24,3,49,63,37
27,8,29,68,88
7,6,6,68,2
5,5,7,105,17
13,7,16,29,98
15,1,31,49,98
15,9,31,10,8
6,1,14,74,111
27,8,40,91,100
12,2,8,53,89
28,10,1,67,91
1,6,6,73,94
5,1,47,99,40
12,9,3,88,109
0,9,53,103,46
12,0,4,95,98
8,6,31,28,57
29,10,43,89,95
25,2,1,11,27
25,3,11,30,23
14,4,24,46,41
9,4,38,0,59
13,5,43,26,29
22,6,20,108,58
30,5,9,2,46
23,5,19,46,42
25,7,39,71,25
17,4,39,60,86
21,3,6,17,90
22,1,48,14,33
15,3,4,7,32
4,2,42,44,77
6,9,48,46,95
9,1,33,108,2
6,2,49,108,17
30,1,31,110,15
1,2,50,99,82
18,7,29,104,52
23,7,12,17,54
17,5,18,37,50
1,6,42,58,103
23,1,31,18,62
10,8,31,106,102
1,5,32,109,6
1,3,16,70,106
18,7,34,53,67
15,4,21,31,7
16,7,51,26,65
29,4,55,105,47
27,1,34,28,2
16,1,34,7,72
5,2,1,95,55
1,10,48,17,4
30,4,2,15,64
16,9,27,89,111
2,0,56,90,102
27,3,7,18,41
5,5,24,48,101
2,2,28,93,68
19,1,20,3,62
2,3,54,89,36
21,5,24,54,73
27,6,28,47,42
7,8,29,6,81
12,0,2,89,8
3,10,2,13,94
30,4,11,84,9
28,4,35,74,72
18,2,42,9,11
7,0,55,61,71
18,6,49,107,99
19,7,19,76,14
1,8,56,111,68
19,8,45,20,20
2,3,10,3,102
13,1,31,18,65
21,7,27,46,108
18,1,8,18,108
18,2,19,10,11
16,1,45,31,73
10,0,24,9,59
29,0,31,1,78
8,3,48,72,83
6,2,7,106,24
21,3,36,104,96
22,6,43,53,9
10,5,31,19,98
7,10,42,97,87
8,10,35,23,55
12,10,43,60,104
4,1,34,95,35
21,9,36,17,59
20,9,30,95,57
9,4,30,67,112
14,1,35,89,94
10,0,54,38,19
29,1,10,60,83
24,3,32,52,42
29,10,3,92,9
2,7,25,43,23
0,2,16,56,82
14,1,31,100,73
19,5,37,82,43
18,1,24,88,58
3,0,39,1,67
2,7,43,36,99
17,0,22,14,88
6,2,49,19,94
16,9,18,7,104
8,6,20,112,55
4,6,3,82,2
29,7,1,4,51
11,0,37,77,73
28,6,2,96,37
2,10,8,22,0
28,6,53,64,79
7,2,23,20,106
11,5,22,1,49
9,3,51,50,2
5,2,47,106,1
14,4,37,54,28
26,4,1,87,41
17,7,48,112,54
22,2,40,58,19
9,0,21,70,33
19,9,24,91,109
25,9,6,106,28
20,9,27,33,74
16,3,22,73,86
0,10,22,64,98
21,4,26,39,41
26,7,22,90,68
17,6,3,29,58
9,8,42,54,83
29,7,15,20,85
21,0,15,34,25
3,1,15,11,98
30,4,41,66,105
28,6,19,48,73
4,2,37,16,45
8,6,5,95,112
3,3,44,27,91
28,10,4,51,111
3,8,55,79,73
23,3,19,7,19
17,10,7,28,24
4,8,21,50,98
8,0,10,23,18
9,6,1,105,26
19,5,34,95,39
6,7,20,71,23
22,8,2,77,12
10,7,29,107,3
6,5,42,9,68
21,9,55,104,77
20,8,27,88,108
27,5,36,59,5
8,6,32,61,99
16,4,26,40,16
15,2,17,83,69
8,0,1,82,44
28,5,44,51,8
29,9,30,105,41
27,3,37,48,111
1,0,1,21,40
2,4,20,6,29
20,0,24,102,84
13,7,36,47,26
26,8,24,82,25
8,5,20,54,38
1,9,36,24,20
0,3,6,34,54
10,2,51,13,34
24,1,31,13,29
4,3,6,9,27
20,10,44,46,98
8,3,43,77,45
5,4,13,99,3
23,8,21,108,17
14,0,31,42,112
17,3,32,3,56
22,9,51,30,15
13,6,48,36,106
17,5,42,20,48
0,2,21,69,3
3,2,10,13,56
2,3,39,8,111
30,9,19,27,95
28,5,23,76,109
22,5,27,1,94
28,9,12,96,26
4,0,31,39,48
17,5,40,24,6
1,9,54,70,57
26,9,50,25,56
11,2,4,81,51
18,9,53,4,25
17,3,54,30,26
4,7,34,34,98
13,8,13,10,48
4,4,18,72,75
1,2,16,72,104
9,7,3,5,15
11,0,19,72,11
28,1,36,101,22
29,0,25,61,64
25,3,51,5,74
27,9,14,6,92
1,3,39,40,66
28,0,47,11,15
11,8,5,39,20
6,7,45,1,96
21,0,54,45,26
7,5,37,96,15
21,9,6,36,62
3,3,37,50,94
11,2,21,64,77
24,5,17,24,45
17,2,4,40,95
28,5,36,96,40
27,0,51,50,53
13,0,33,92,24
19,2,30,45,26
23,9,27,16,11
4,2,13,89,102
29,1,22,86,64
29,8,50,12,46
7,5,4,42,61
27,1,41,52,32
5,5,52,94,65
25,10,19,64,14
25,6,32,12,58
5,9,51,64,2
28,1,19,103,0
13,5,27,99,48
0,4,42,19,102
5,5,34,3,53
23,2,20,75,51
29,2,12,101,109
10,6,26,48,12
25,10,25,61,45
29,7,16,75,46
13,10,39,111,39
25,5,32,109,107
21,2,29,4,8
27,8,42,37,55
23,9,48,20,108
25,5,35,19,83
7,3,11,87,38
8,10,56,59,29
5,9,1,10,89
25,2,40,80,10
22,6,45,11,83
3,4,33,91,82
12,4,55,29,103
27,2,11,27,49
1,2,36,103,112
27,0,31,87,60
15,9,13,83,2
7,6,42,18,35
6,9,52,98,93
26,0,47,91,82
29,2,29,20,41
14,9,17,64,5
11,5,40,66,18
9,9,34,93,108
26,3,51,77,31
25,10,39,83,22
27,9,54,66,72
7,1,49,98,1
7,7,27,43,16
0,2,36,57,66
21,5,46,100,19
6,1,40,16,17
12,3,3,43,88
10,5,33,37,60
8,5,12,46,97
27,2,23,79,4
2,10,29,109,7
30,1,9,55,76
24,10,15,5,102
8,10,9,91,26
11,5,47,99,110
20,7,43,87,94
16,0,48,49,84
12,4,19,30,37
21,3,54,26,47
26,3,27,78,79
17,1,26,77,53
10,5,20,9,105
30,4,55,19,20
0,1,53,72,53
3,0,4,80,22
28,0,40,63,22
8,6,13,12,66
5,7,54,103,19
18,6,26,1,94
30,2,17,18,103
8,6,52,98,103
1,7,18,111,85
3,6,41,39,23
19,5,10,70,46
13,8,16,111,112
11,6,43,102,14
23,1,38,100,100
25,7,15,11,20
10,9,25,63,3
13,10,15,12,63
19,10,7,58,26
16,3,9,40,39
3,2,12,21,51
12,7,1,37,80
28,1,15,20,47
18,0,51,8,107
6,4,52,35,33
8,0,19,73,79
1,5,29,46,41
22,4,31,45,3
13,1,35,11,100
0,1,27,9,3
16,5,27,22,42
29,2,41,90,3
25,6,2,98,60
17,2,12,58,4
21,1,10,33,94
23,8,17,60,111
30,1,8,32,18
23,5,1,97,52
23,9,16,112,5
21,9,50,56,69
6,7,51,83,48
11,0,17,17,97
13,6,42,15,76
2,10,35,72,92
30,2,11,62,67
21,9,41,5,21
29,6,54,46,20
10,2,2,109,12
19,0,46,36,1
10,1,31,51,44
21,5,50,52,28
27,3,1,109,11
3,3,3,79,53
23,6,55,87,8
28,8,5,16,14
9,8,20,56,60
16,4,38,46,59
9,10,19,65,53
21,4,55,108,109
13,4,4,79,68
10,3,26,40,56
12,1,23,47,17
22,0,42,10,109
9,6,42,87,77
17,9,56,52,103
4,8,5,64,81
6,7,25,57,0
13,2,53,33,39
21,0,46,112,60
30,5,53,112,60
12,0,8,87,32
21,6,15,5,16
23,1,7,79,41
28,4,36,82,84
5,10,47,7,69
19,10,32,94,46
18,9,7,101,78
9,7,33,31,85
12,3,42,89,91
17,1,53,105,12
26,0,37,71,61
0,3,49,1,63
9,2,33,19,95
9,10,16,109,106
6,4,31,13,109
13,1,56,37,73
25,7,5,48,25
18,1,15,20,16
19,4,38,72,28
20,6,7,51,65
10,7,49,109,16
14,7,51,9,103
14,10,20,28,18
14,4,21,49,28
21,1,53,111,84
6,10,37,59,10
16,8,47,85,95
15,6,24,11,12
25,2,51,44,91
28,5,47,59,51
30,6,47,59,36
25,5,15,82,78
23,2,27,68,13
5,7,13,104,31
21,0,9,59,28
2,4,6,13,32
9,7,11,10,23
16,7,13,23,93
21,4,17,93,84
20,3,28,13,38
19,4,26,50,42
10,9,16,98,90
2,0,55,55,59
26,2,37,25,85
30,10,3,51,75
24,1,31,42,66
7,1,34,8,66
21,10,23,40,73
9,5,44,43,34
7,8,7,77,97
25,6,20,62,16
6,9,34,27,41
4,3,27,89,54
0,8,30,94,47
1,0,43,60,84
7,6,15,14,18
15,8,17,35,74
19,6,56,58,94
27,8,50,4,108
24,10,9,69,4
2,7,23,19,95
14,9,30,60,102
13,3,45,18,49
28,7,23,81,80
20,4,52,27,6
18,1,19,40,101
6,6,1,72,25
22,0,41,4,23
22,8,38,76,1
12,9,2,99,18
15,8,53,48,81
12,9,47,7,4
7,10,42,103,106
4,9,51,46,101
20,2,3,101,30
22,1,44,55,20
0,7,50,60,50
28,2,42,27,41
24,2,15,6,1
27,3,16,27,73
24,3,35,111,61
28,2,24,2,61
3,0,19,97,109
24,6,40,87,44
13,1,44,54,24
7,10,23,34,80
5,6,51,32,111
25,3,43,81,104
30,10,7,22,73
22,2,34,10,51
16,9,55,18,57
14,4,15,8,27
1,5,54,35,58
17,1,28,51,79
7,1,24,10,33
29,6,0,38,69
27,8,25,111,56
3,6,16,91,15
14,8,19,57,95
4,5,5,111,35
25,4,52,53,83
14,8,48,67,98
21,7,15,27,65
16,0,19,85,43
17,9,13,33,43
19,9,55,23,23
10,8,56,106,32
30,6,10,6,43
24,1,28,11,103
28,6,40,54,111
14,2,20,43,62
19,2,56,96,98
26,9,51,38,70
23,9,49,21,58
28,9,41,25,84
16,1,26,44,12
13,1,50,53,85
26,9,2,61,109
29,1,17,60,43
17,4,55,68,97
14,8,5,88,66
28,5,52,100,33
5,6,49,20,8
23,4,31,89,100
27,6,30,55,46
15,10,47,45,54
14,7,26,88,82
8,9,53,73,3
24,9,21,49,69
7,7,45,105,16
26,0,27,1,12
20,2,56,71,29
8,4,52,100,58
24,6,6,76,106
24,2,52,25,14
16,9,10,9,15
15,9,44,92,70
20,10,16,85,91
7,6,32,74,37
8,0,4,78,16
14,6,22,18,111
2,5,26,41,44
22,3,38,85,39
9,0,46,105,57
7,7,52,93,55
8,4,35,95,70
10,5,47,105,10
10,0,20,94,110
28,5,29,93,64
17,4,44,40,23
2,4,1,1,50
4,4,48,19,104
4,7,3,58,65
7,10,41,18,24
12,1,41,63,18
22,3,11,110,107
4,2,40,40,87
22,4,28,14,28
6,7,50,101,99
2,5,41,86,2
13,4,8,52,25
13,6,0,33,93
10,9,25,66,95
17,10,12,92,45
14,1,40,0,67
13,3,19,57,76
1,7,20,106,99
6,3,36,109,19
26,6,5,16,72
13,7,7,81,110
12,8,10,57,67
28,5,15,81,67
24,0,33,74,6
18,8,45,12,102
30,2,49,4,68
22,1,53,27,46
0,4,41,95,69
27,8,48,24,29
28,6,8,53,88
24,2,54,89,67
18,8,38,69,21
12,9,43,99,47
15,0,26,21,20
0,2,50,76,12
30,3,20,48,87
11,3,28,27,21
9,0,30,44,81
24,3,55,26,81
12,0,47,24,109
27,7,8,86,79
28,0,16,73,28
30,5,11,1,107
26,3,43,47,96
13,4,37,104,91
17,5,52,46,19
23,7,20,2,69
23,8,51,38,78
17,6,18,39,54
25,10,12,64,109
19,1,5,104,25
28,10,26,111,35
7,0,23,15,6
15,3,11,89,51
7,5,25,63,37
8,7,56,83,49
13,9,24,58,66
15,7,53,52,53
0,2,56,52,60
12,7,36,45,59
10,9,14,45,41
21,8,1,106,17
21,5,1,69,92
25,5,35,54,38
12,2,41,66,0
23,4,39,97,9
5,1,40,42,32
26,4,14,14,90
14,0,5,22,71
29,6,29,58,85
4,0,12,54,39
19,2,16,47,26
17,9,44,22,93
0,3,54,70,78
29,3,10,76,76
12,10,3,20,8
18,3,25,69,7
18,10,39,55,96
21,3,27,48,52
0,4,38,36,17
2,10,16,108,18
20,6,9,84,61
13,8,5,88,105
4,0,23,87,20
27,10,10,55,97
14,0,36,81,103
5,7,7,36,31
1,2,0,89,50
8,10,45,79,100
12,2,33,109,20
10,9,27,12,82
6,0,49,11,53
14,3,29,103,50
10,4,52,107,75
10,9,43,13,24
24,4,31,11,31
28,10,7,83,106
12,4,14,2,44
8,6,45,78,9
24,6,13,52,28
30,5,12,13,35
26,7,55,63,17
13,4,52,95,51
8,3,50,96,15
26,7,17,79,92
2,4,18,69,94
15,10,47,12,74
0,8,31,81,86
23,9,24,56,19
17,6,8,64,26
1,9,27,74,56
30,1,54,103,18
11,0,13,4,86
7,8,38,85,35
20,10,13,37,97
2,5,52,109,41
24,8,18,53,1
30,10,46,27,81
20,9,43,28,15
1,9,12,99,66
24,4,26,58,39
0,4,11,70,67
30,10,26,48,13
7,1,50,14,98
6,7,9,25,80
26,1,1,109,76
0,5,18,60,60
19,4,16,15,29
4,10,15,44,84
7,5,39,101,56
4,4,28,59,38
15,4,15,52,105
21,10,23,105,15
3,10,37,82,69
18,4,43,90,95
30,3,41,100,78
6,2,29,94,58
14,8,5,50,19
22,3,0,0,9
8,0,30,47,112
24,9,8,100,96
11,6,55,28,92
5,10,20,64,43
19,5,44,36,112
19,10,25,34,34
30,2,43,112,5
23,0,13,84,48
22,10,45,33,107
3,7,24,39,32
24,4,45,107,14
26,4,27,101,80
5,6,47,53,59
30,6,38,86,54
9,6,16,30,74
3,0,4,0,21
18,9,6,53,112
0,9,35,4,90
29,3,3,1,88
9,5,3,3,110
18,3,21,19,101
21,10,15,101,62
29,8,30,47,97
30,10,22,107,37
12,7,38,104,28
12,10,42,66,66
30,5,51,104,13
22,8,38,94,11
6,4,45,76,93
2,2,47,40,77
18,10,51,42,76
22,8,2,21,110
26,2,0,73,46
20,4,16,55,30
7,1,32,30,111
3,7,39,71,108
22,2,24,50,85
24,4,19,24,63
9,8,25,78,107
27,2,42,82,89
21,10,23,50,55
19,5,8,106,53
25,10,35,6,7
3,1,2,102,81
25,3,37,73,13
18,5,11,54,110
25,3,16,16,98
1,4,10,81,35
11,6,32,49,107
17,5,31,93,92
13,5,21,22,93
21,4,56,51,35
11,9,29,40,32
2,4,8,66,81
16,7,5,20,65
20,1,20,55,42
10,7,45,29,53
0,0,33,12,85
27,10,27,90,107
13,9,9,102,32
26,9,16,16,45
15,9,7,64,10
3,1,20,15,1
13,7,2,80,12
30,3,8,73,91
11,8,31,100,103
20,1,55,50,62
28,10,53,107,31
26,6,17,97,74
14,8,47,80,63
22,4,23,33,28
4,6,27,107,75
13,0,18,70,55
5,2,56,20,85
23,2,16,41,34
16,3,39,26,13
30,5,53,11,99
20,6,48,11,105
8,9,16,3,90
19,7,33,55,62
25,2,20,1,71
29,5,27,80,77
17,2,10,98,107
24,1,20,75,72
15,7,47,19,48
14,5,31,3,77
13,10,48,79,66
26,2,9,90,111
23,5,35,69,85
18,10,54,10,48
8,0,42,73,5
10,0,40,48,77
27,7,51,3,13
7,4,28,95,75
26,3,3,93,107
29,2,12,16,101
2,9,9,58,82
8,2,3,81,12
28,7,14,80,73
14,1,11,99,12
7,2,2,45,15
24,9,30,23,97
14,6,16,30,30
18,10,10,83,46
19,6,45,28,74
21,6,29,38,86
12,6,27,24,90
10,7,7,68,77
0,6,31,107,53
15,0,2,31,104
27,0,28,92,50
10,8,22,99,91
5,3,45,103,95
15,5,35,100,5
6,0,31,48,44
11,5,29,98,82
25,8,31,33,100
8,3,7,84,56
10,0,54,6,109
8,10,46,35,58
28,0,55,10,73
19,10,9,18,110
22,3,7,80,66
28,3,22,2,4
8,5,5,81,51
17,4,13,74,104
0,2,55,110,103
16,1,18,13,80
30,6,11,14,95
6,8,53,58,99
2,9,10,76,55
7,4,47,15,85
23,2,32,13,3
13,1,52,18,27
15,0,17,36,72
17,4,36,33,23
24,4,42,23,3
7,7,37,11,80
22,8,13,9,42
15,9,37,63,12
20,8,0,108,37
22,5,33,46,52
15,6,49,107,102
14,10,36,26,3
25,2,11,50,93
0,5,26,12,58
2,7,4,62,108
9,5,15,101,32
7,3,49,2,45
12,2,31,52,104
22,6,43,9,87
7,0,6,62,44
9,3,56,80,45
21,3,21,9,31
18,2,1,26,35
11,3,18,87,57
15,0,43,53,100
17,9,43,48,6
16,8,7,40,41
11,2,25,81,58
13,1,23,57,89
23,5,37,103,81
17,10,6,20,33
10,0,53,23,98
11,6,20,38,101
22,10,9,1,20
14,4,1,22,26
8,8,5,84,71
9,9,29,72,98
8,0,53,80,110
7,9,45,77,70
3,0,42,109,82
23,10,30,4,41
6,1,29,15,94
10,10,40,43,51
3,0,17,44,96
23,0,38,61,44
17,1,42,78,99
30,6,0,76,104
24,7,21,69,22
22,6,2,0,108
5,1,41,20,63
6,8,39,66,109
6,4,28,94,11
23,7,20,32,42
15,2,46,15,45
8,3,46,24,78
23,10,51,77,68
18,10,36,3,94
24,0,8,68,103
16,4,13,2,107
19,6,55,66,29
9,10,3,65,40
3,1,51,97,106
26,10,41,19,39
6,8,18,27,12
9,4,20,110,92
7,9,51,46,11
11,9,3,14,81
5,2,47,27,51
9,6,4,3,40
0,1,35,41,79
22,8,38,17,63
17,9,24,28,81
4,1,5,10,23
8,4,25,93,96
1,1,16,88,48
1,1,11,16,25
17,7,15,34,33
9,3,49,35,109
22,9,55,61,90
30,3,25,25,62
4,4,5,11,44
20,8,1,44,43
27,3,54,90,103
24,5,13,70,56
15,6,10,83,46
3,4,24,37,96
27,2,49,59,20
0,0,25,95,21
18,8,18,103,41
9,7,41,63,2
15,3,48,55,14
15,7,41,65,24
14,5,9,51,74
10,3,7,24,39
5,0,19,32,64
30,0,31,22,89
1,10,51,25,82
8,1,27,87,71
30,1,47,108,37
27,9,51,91,96
15,10,19,35,71
3,7,43,50,68
26,2,38,13,22
2,1,8,74,50
12,8,22,101,79
15,1,42,98,89
2,1,6,75,9
18,4,53,39,25
20,10,23,21,11
21,3,32,101,11
1,7,12,26,91
4,4,31,92,76
4,4,28,62,112
25,7,56,55,84
18,0,24,57,51
30,1,30,54,109
9,2,17,76,33
2,0,36,95,18
7,4,38,34,91
3,5,27,104,43
17,10,5,40,68
24,5,48,79,45
13,6,27,13,50
19,1,51,77,17
19,1,23,49,49
25,0,39,54,13
19,0,11,25,108
7,2,27,72,94
24,10,40,45,104
16,10,27,47,112
12,2,5,80,102
14,5,2,104,37
29,5,32,8,78
14,7,21,57,72
9,9,29,21,10
27,4,43,4,41
18,1,14,65,28
13,5,41,32,56
9,5,43,75,105
18,2,45,52,5
19,1,9,37,31
1,6,31,77,70
19,6,33,105,19
30,7,40,112,85
23,4,41,82,35
3,6,33,67,3
30,7,5,45,63
24,6,18,50,28
6,10,29,3,106
20,2,27,14,88
6,1,5,23,28
8,2,51,103,31
21,0,30,41,112
2,2,19,54,28
5,1,9,101,56
7,6,8,23,82
5,9,43,45,103
17,7,19,31,27
2,9,53,9,18
5,10,15,27,1
0,7,33,84,37
13,2,27,47,31
14,9,18,47,2
22,6,36,18,109
19,5,3,99,78
15,9,35,40,61
9,0,4,15,107
1,10,2,1,56
7,2,32,40,53
9,7,6,88,71
22,7,32,1,70
9,1,27,91,72
22,6,26,42,24
27,7,6,27,52
14,0,29,59,23
2,1,42,72,108
21,4,46,101,66
7,10,36,41,74
29,5,52,29,51
8,0,16,71,80
25,10,22,8,73
25,8,16,49,49
20,9,37,36,95
18,9,5,77,33
21,3,49,27,90
25,10,32,67,101
29,5,1,27,46
6,8,7,13,102
13,8,47,71,102
3,9,42,35,33
17,1,29,91,55
7,6,11,77,47
20,10,50,103,46
4,3,11,110,30
29,7,53,85,40
8,5,25,9,69
26,10,2,73,45
4,10,5,82,9
2,10,26,53,88
1,6,56,87,17
5,2,45,96,41
25,8,19,55,110
9,9,20,40,105
19,0,37,104,89
23,0,46,40,31
26,10,29,25,101
18,2,48,25,68
29,8,42,6,74
9,7,28,102,16
14,7,39,63,12
3,2,51,63,100
14,1,16,5,64
22,7,21,35,90
9,5,55,53,60
22,3,51,15,68
12,5,11,15,40
30,4,13,57,13
8,0,11,21,103
16,8,5,76,105
17,3,47,41,77
15,8,38,75,29
14,10,16,49,92
2,6,55,30,44
19,6,43,73,91
1,3,6,2,89
28,1,27,36,82
13,7,34,2,70
23,7,1,82,105
10,9,0,100,28
19,7,25,109,59
8,1,7,73,34
0,7,0,0,73
2,7,10,59,107
7,5,41,36,6
30,1,30,16,58
21,7,29,107,79
26,10,44,51,56
27,0,25,4,63
18,1,55,68,75
18,6,42,67,55
30,6,47,5,8
0,0,38,43,21
24,8,46,82,2
21,8,31,2,71
26,0,19,8,57
8,1,39,60,71
18,9,52,12,83
1,9,39,106,7
24,10,23,102,44
24,4,44,53,61
5,8,43,92,111
15,8,44,38,90
16,3,43,35,18
20,10,25,40,8
14,10,51,96,87
29,7,19,44,45
8,5,5,51,8
5,5,8,10,92
18,0,8,71,35
13,3,0,99,72
20,7,12,40,32
26,5,7,63,93
15,8,52,78,3
2,9,1,6,91
15,9,44,50,76
11,7,12,38,62
13,10,54,89,55
10,5,1,58,90
10,7,13,63,97
21,1,30,108,17
3,1,41,82,50
27,10,9,15,27
5,3,41,107,84
10,0,15,47,57
13,5,27,79,39
22,5,53,13,68
15,10,40,3,89
9,4,54,28,86
21,8,50,6,38
30,8,34,105,42
12,5,12,1,29
26,1,5,17,72
24,0,19,13,102
17,2,49,41,112
1,7,29,110,65
14,2,9,88,52
2,6,30,92,18
10,1,27,55,98
8,4,1,28,69
10,9,7,21,87
3,3,10,11,75
24,3,9,24,40
12,1,47,92,110
27,6,44,103,0
16,3,28,47,78
26,7,31,104,6
0,3,30,68,91
21,5,1,0,96
27,1,55,88,45
17,6,28,111,75
14,0,37,6,15
13,10,15,33,99
1,10,12,100,9
6,9,18,5,78
16,1,36,14,8
11,7,53,6,67
19,7,53,38,52
24,10,25,9,93
15,9,3,33,20
20,8,21,42,93
14,2,0,88,24
24,7,6,78,31
1,0,40,101,76
6,8,54,103,99
8,0,45,48,97
17,8,27,34,22
4,6,26,89,106
29,9,54,21,23
9,7,31,17,3
14,8,47,74,83
28,2,37,58,63
22,9,38,15,93
15,2,46,16,15
3,2,35,40,42
0,1,18,110,11
20,6,2,18,12
19,10,31,96,51
25,9,25,74,73
7,9,31,108,89
22,5,32,52,87
5,8,37,81,49
9,6,46,57,103
17,6,39,85,52
0,9,43,15,48
17,3,52,66,89
13,4,55,67,60
2,6,31,30,17
7,5,14,73,108
26,4,45,61,43
29,7,3,84,23
3,2,33,62,12
14,2,1,35,39
30,6,27,41,45
3,9,36,98,22
20,8,20,93,90
26,4,35,61,55
4,8,4,28,112
15,5,17,11,32
29,8,41,33,63
22,10,26,98,11
9,3,56,37,23
16,3,30,91,33
22,3,7,10,51
8,9,31,45,25
13,4,39,71,29
26,10,41,106,44
15,5,22,111,82
15,10,28,31,81
7,2,44,84,10
14,10,27,82,43
17,2,1,94,57
4,8,10,109,96
12,8,18,26,12
6,10,46,88,67
29,5,12,9,32
19,1,30,9,2
16,5,22,63,112
23,8,28,7,77
28,7,14,27,7
4,9,32,1,71
27,9,14,85,7
2,10,37,27,87
8,6,43,59,47
24,10,21,104,12
25,8,38,49,21
27,4,54,24,0
13,6,53,62,67
10,0,45,13,1
29,8,42,43,0
25,1,29,26,41
16,0,8,104,49
8,6,56,75,39
26,2,18,97,3
0,0,46,67,102
9,10,45,65,72
23,0,24,109,72
9,3,26,40,47
26,4,53,97,109
18,2,43,39,8
18,4,41,90,22
21,10,47,58,24
15,4,23,83,81
27,2,50,19,79
4,0,30,108,63
14,4,51,64,23
17,3,54,13,68
15,8,10,16,27
11,0,39,28,44
10,5,13,46,12
17,7,18,49,111
24,1,44,57,87
17,9,47,111,19
12,10,5,79,76
14,8,42,65,47
29,3,30,25,73
10,10,8,99,22
27,8,11,51,56
6,6,12,24,90
22,3,10,8,108
7,8,38,35,112
18,4,31,54,98
12,10,6,21,22
7,0,50,87,64
27,6,26,39,19
24,6,31,111,104
13,6,19,73,104
1,10,15,82,56
10,5,13,13,3
23,8,35,18,79
15,0,3,59,4
22,0,1,112,68
29,4,22,13,101
25,3,56,95,15
12,9,16,14,103
12,7,22,30,39
21,3,43,2,37
25,10,10,58,13
26,10,11,23,44
20,5,52,34,87
4,9,55,3,23
15,8,32,60,75
30,9,2,84,66
1,3,51,67,21
4,3,4,57,12
16,4,21,45,63
30,7,27,33,24
18,2,7,15,77
10,10,39,70,19
27,1,14,10,78
3,2,7,45,43
27,2,35,55,58
27,8,14,27,84
14,1,31,19,70
3,6,16,50,106
16,0,21,64,49
29,6,50,55,100
14,4,22,65,57
0,8,49,42,14
23,4,2,6,85
4,2,49,56,70
13,2,56,34,8
27,9,35,47,43
20,4,17,12,31
4,0,9,6,46
2,5,54,83,18
15,7,44,48,30
25,2,55,93,104
8,0,32,54,62
10,2,38,24,24
19,5,42,37,101
22,9,6,24,51
12,0,45,51,5
20,10,3,22,45
2,9,28,76,7
27,10,51,35,61
10,4,29,67,103
27,7,53,77,107
21,9,48,63,84
27,8,7,66,90
17,5,6,55,96
12,1,50,13,107
30,5,39,87,75
10,8,39,6,12
20,3,50,82,108
22,2,54,31,66
28,8,6,14,11
24,1,52,28,84
15,8,35,14,83
27,2,2,6,41
17,6,32,4,67
1,8,6,73,72
19,8,10,34,73
2,6,40,30,89
7,1,7,8,68
20,5,55,68,66
21,3,13,12,50
29,3,23,35,96
9,10,10,28,69
7,5,46,112,82
23,5,18,79,25
2,5,45,89,36
13,4,28,91,41
3,3,48,51,17
24,9,32,50,57
20,8,31,50,97
22,7,46,12,25
27,8,55,28,37
3,10,6,93,80
14,0,9,105,54
5,1,41,112,51
22,10,23,88,55
9,5,21,34,48
28,7,52,63,10
0,3,8,26,62
1,10,7,21,3
10,9,54,100,62
25,9,12,26,13
1,3,28,44,41
9,0,26,81,71
11,10,49,36,61
11,5,49,90,78
13,6,0,76,49
4,1,15,36,39
7,6,53,93,63
16,4,51,0,100
13,8,30,12,98
18,4,21,23,36
21,0,18,64,98
25,8,32,89,87
5,5,10,79,89
5,8,5,61,7
5,8,17,94,67
2,7,23,39,106
19,7,45,109,5
27,0,48,88,24
12,4,26,30,11
19,10,23,21,39
21,3,40,40,75
7,5,42,87,95
15,8,15,8,73
29,1,9,21,69
18,1,48,23,22
4,2,48,42,82
7,8,33,58,40
14,8,26,18,94
20,0,50,1,6
8,10,14,85,68
14,1,8,60,3
8,3,51,54,6
21,10,27,42,38
0,10,26,2,49
28,3,26,22,24
25,10,29,33,45
14,6,54,112,68
28,1,33,9,6
9,3,50,21,105
21,8,43,86,105
17,6,23,97,87
5,10,1,109,111
2,1,28,1,55
14,10,9,76,94
30,2,49,45,65
11,0,0,60,67
18,7,45,74,108
9,5,51,0,22
20,0,33,62,65
30,1,4,111,47
13,1,5,31,87
22,0,21,60,89
8,2,20,14,5
14,4,25,5,27
27,8,49,104,12
9,1,10,2,58
6,9,27,72,23
12,3,3,87,28
27,4,25,37,91
15,6,48,106,40
3,6,2,29,9
7,7,42,67,91
12,10,41,64,26
18,6,9,21,63
11,6,36,96,26
18,5,3,18,73
9,0,40,99,81
22,6,45,12,78
9,10,51,12,1
0,1,42,38,5
26,8,56,102,48
21,0,33,94,26
12,10,18,42,88
8,9,26,57,14
0,1,25,62,37
18,9,56,94,0
27,0,43,44,30
21,1,44,69,84
24,5,35,32,104
23,8,55,84,106
1,1,19,62,42
29,4,46,32,22
19,10,47,46,49
23,4,20,58,105
15,9,22,1,29
26,1,0,105,47
28,4,52,45,107
28,7,17,38,51
9,6,33,90,5
24,6,39,42,19
25,10,9,66,18
7,0,44,99,76
19,7,25,84,31
25,2,28,109,79
11,8,41,110,85
7,3,13,107,33
20,2,56,76,112
6,6,34,61,54
19,8,39,14,87
8,4,50,34,73
21,10,39,87,90
24,2,41,66,110
23,4,28,93,80
24,10,44,81,39
21,10,22,2,26
21,5,56,18,112
26,0,51,52,83
4,8,50,109,94
20,8,41,28,34
3,2,25,84,52
28,1,49,18,88
20,0,12,45,1
20,0,56,63,53
1,9,19,3,105
9,9,5,31,52
25,6,2,73,48
14,8,34,94,35
1,8,21,89,107
18,1,24,55,24
11,4,46,46,104
23,3,46,26,99
4,5,47,95,62
2,3,56,11,32
29,6,8,24,76
9,10,33,48,1
10,8,34,81,80
23,2,18,13,88
13,2,13,35,50
5,2,5,112,5
6,3,32,80,89
4,9,35,86,98
25,4,19,69,57
17,3,33,57,16
28,1,21,112,84
11,2,48,67,88
16,10,40,22,28
16,9,10,33,9
29,0,1,86,81
8,8,1,44,14
26,7,56,42,14
5,10,50,50,20
8,8,34,75,101
29,1,37,53,62
26,4,16,35,8
30,10,15,39,23
15,1,53,24,68
30,4,49,5,41
25,1,19,74,21
9,3,46,66,94
23,9,27,89,32
27,7,32,43,87
10,5,7,106,91
25,5,46,78,88
3,2,3,15,50
14,10,53,55,36
30,10,23,101,68
2,3,16,58,36
4,1,40,72,36
24,4,32,101,109
30,9,22,101,72
7,1,7,44,33
27,3,3,36,13
21,5,48,14,97
23,7,41,1,15
21,7,7,63,50
12,5,28,87,105
30,9,19,18,25
27,10,36,59,11
25,4,47,87,71
17,9,0,19,108
11,2,29,66,63
2,9,21,37,25
25,9,15,79,16
12,5,51,71,66
0,5,47,85,4
8,6,37,20,60
17,2,36,38,61
3,0,45,62,13
14,5,40,36,14
11,3,42,8,29
21,3,34,102,4
23,10,54,37,106
21,6,38,1,49
8,4,14,58,23
18,5,22,5,10
12,2,19,27,97
26,10,18,36,88
20,5,42,105,103
30,7,50,75,8
11,7,52,15,30
3,7,45,6,55
21,5,36,62,78
7,4,43,39,47
15,7,8,0,56
0,8,45,55,94
19,1,24,45,18
28,2,33,84,56
30,10,47,106,76
17,9,15,0,98
10,1,6,6,5
29,4,20,32,84
19,2,33,17,64
7,8,37,44,98
20,3,12,112,24
2,4,52,36,98
20,10,49,100,26
26,1,23,109,92
14,1,29,64,40
29,0,6,85,5
22,8,9,98,72
9,10,45,71,1
20,0,27,19,19
13,9,53,11,43
3,9,26,91,110
4,6,5,34,32
1,9,5,18,22
30,3,3,93,44
1,0,27,25,59
9,8,56,55,25
15,4,8,74,82
3,8,30,10,7
3,8,13,37,50
7,7,28,28,48
28,10,4,4,19
17,2,23,60,37
4,5,43,45,64
12,6,33,31,8
14,3,25,103,28
11,9,37,86,23
21,4,35,81,80
30,2,33,49,24
23,7,49,54,42
22,8,25,51,84
30,8,55,12,92
17,1,16,33,56
13,6,37,38,3
18,5,31,76,111
23,8,40,39,56
23,0,27,22,8
4,10,28,72,107
28,3,44,55,31
13,9,31,86,77
20,10,46,112,67
3,2,26,41,36
26,8,52,102,71
15,2,10,74,20
19,7,9,17,18
13,2,32,87,70
30,2,8,98,40
30,9,31,25,7
8,9,45,32,14
1,10,29,17,87
22,2,8,53,8
11,7,45,70,52
6,5,32,25,66
14,0,55,38,68
14,3,33,39,2
30,7,7,10,79
7,3,44,38,92
27,1,13,72,21
11,4,29,80,92
3,5,30,59,41
21,3,2,69,47
11,0,47,23,4
17,10,10,48,18
28,3,35,100,13
20,8,23,112,87
11,5,7,106,29
1,6,38,55,0
12,7,54,12,48
8,7,26,17,0
6,0,7,67,72
30,0,7,56,7
3,10,23,88,104
30,5,36,40,49
27,1,18,64,98
26,8,2,87,72
14,10,33,91,15
2,4,9,45,109
21,4,7,59,28
6,9,23,45,97
20,8,19,54,80
20,9,23,59,4
19,2,19,53,72
0,6,18,52,69
1,10,31,59,9
25,6,1,3,2
10,5,50,71,83
7,9,9,3,105
4,10,9,98,60
25,1,50,53,73
18,8,37,11,82
6,4,26,96,49
2,6,3,17,36
26,3,19,78,87
24,8,56,38,78
17,6,18,100,49
6,5,13,31,57
18,5,11,74,95
6,7,52,65,30
26,7,47,47,87
27,9,31,16,62
7,0,0,79,78
10,8,7,69,32
24,2,35,72,44
4,7,22,112,81
25,2,4,37,58
28,3,55,6,61
19,1,2,96,19
0,8,26,108,58
8,10,30,50,68
27,4,36,16,112
4,3,19,51,46
4,2,36,85,28
17,2,28,0,18
8,2,21,59,36
25,5,50,103,81
5,9,24,97,93
3,1,30,111,22
21,10,53,66,49
27,3,46,58,32
0,6,53,107,112
4,5,38,6,20
0,1,8,10,47
11,7,48,7,94
25,10,8,34,2
25,7,32,106,55
7,7,40,83,103
18,3,29,13,38
10,9,48,42,18
0,2,28,76,5
5,10,42,12,58
8,6,28,105,52
1,0,9,37,90
4,3,55,72,112
23,0,46,61,69
13,2,20,88,109
16,9,5,42,29
3,9,51,110,51
23,2,39,7,16
2,2,42,15,107
15,10,39,94,80
14,8,26,74,45
24,0,24,86,26
11,9,14,65,51
16,2,25,94,53
18,0,21,91,53
3,2,34,6,58
14,4,2,89,93
16,2,42,26,57
7,8,56,66,56
30,6,28,18,49
19,9,47,71,59
1,9,17,94,46
23,10,41,63,43
25,0,5,17,41
29,10,55,28,85
27,4,10,86,51
21,1,45,81,17
16,3,1,109,92
9,7,36,19,67
14,9,40,38,26
20,7,50,80,31
30,7,49,39,27
0,2,45,92,91
1,3,19,0,24
15,6,35,103,72
27,9,41,62,24
12,2,7,79,111
13,9,41,88,93
21,2,35,25,84
3,9,5,14,100
15,10,12,8,79
22,8,39,0,46
29,4,34,19,59
14,2,36,77,70
2,10,48,112,110
28,5,3,15,97
2,7,36,66,101
10,9,33,12,52
19,9,12,31,47
4,1,48,26,82
2,3,30,13,39
4,6,32,60,27
8,6,1,3,50
19,2,7,106,18
20,1,42,64,60
18,0,34,56,13
17,3,11,50,69
22,8,1,7,83
10,8,17,15,57
12,10,50,38,38
19,6,13,51,106
16,2,15,61,99
9,9,53,23,111
14,1,45,104,79
16,2,53,30,52
19,7,56,107,6
13,9,37,108,25
3,9,28,69,27
25,0,5,33,43
22,8,51,105,70
3,8,34,78,20
27,1,38,87,84
20,1,20,56,49
20,7,25,109,66
28,10,37,84,55
24,2,2,78,23
17,9,31,15,56
23,8,55,55,3
27,0,1,18,88
6,10,21,81,26
13,10,27,2,49
14,6,11,23,72
28,8,26,18,85
7,6,1,104,22
13,5,55,95,34
10,0,33,84,95
26,8,20,30,87
14,6,24,21,72
12,3,16,65,98
13,7,5,94,19
23,6,7,89,82
3,5,6,69,51
10,9,34,25,73
13,9,10,60,100
10,1,18,61,102
21,6,9,37,25
8,2,11,37,19
11,4,16,85,52
30,7,49,12,40
4,3,5,75,59
21,1,9,63,31
29,4,19,47,111
15,9,26,85,94
2,8,43,35,16
2,6,10,50,97
26,4,3,49,62
2,3,39,89,40
2,0,20,102,78
13,0,11,13,97
3,9,1,59,78
23,8,45,53,67
23,1,3,104,94
11,8,19,54,80
25,0,24,18,112
4,6,6,3,4
17,10,20,36,86
1,3,9,58,12
18,5,26,15,100
30,6,20,72,8
17,5,16,49,10
17,1,24,1,2
10,2,52,74,1
21,6,7,38,110
3,10,3,4,111
13,9,12,82,6
11,4,15,83,42
27,4,48,84,109
21,8,38,79,11
30,6,37,56,40
24,9,15,5,45
13,5,31,45,25
27,9,32,17,95
29,4,48,59,19
23,10,32,112,27
1,6,24,92,39
30,3,7,58,107
9,6,17,35,8
19,8,3,1,46
9,8,20,20,79
11,7,29,45,40
3,2,35,64,74
18,5,26,109,106
16,8,4,110,57
6,8,30,64,60
4,7,1,26,43
21,4,26,44,90
15,4,40,90,22
7,9,14,67,37
27,5,56,49,38
3,6,1,65,12
11,2,17,8,102
27,10,35,22,71
17,1,37,83,20
11,3,43,19,112
3,7,6,45,19
24,2,15,83,20
8,1,48,92,53
18,3,35,72,15
7,8,41,43,68
25,6,50,58,79
13,5,8,91,52
27,8,19,109,20
17,9,36,100,71
24,10,26,17,70
26,0,28,35,80
19,2,5,100,60
19,6,54,97,89
21,10,40,84,35
20,0,32,38,88
17,1,13,50,108
0,2,50,8,31
19,7,9,107,14
29,9,23,82,84
21,6,34,61,18
26,1,10,48,56
22,1,50,60,12
8,4,15,77,96
0,3,34,84,5
5,5,27,23,17
8,1,35,73,112
22,9,28,90,48
24,0,2,64,60
9,6,0,99,48
29,6,52,84,61
10,9,29,67,21
11,10,53,33,98
0,8,39,16,2
5,4,18,89,75
27,9,41,41,88
4,0,10,75,104
18,2,0,74,46
21,10,3,44,56
12,7,30,74,74
2,7,17,79,73
4,0,38,106,23
23,3,16,51,57
20,10,53,8,2
0,8,43,5,62
2,4,24,3,85
23,3,22,109,72
16,0,53,93,44
6,9,40,20,43
12,8,13,29,10
13,8,37,12,47
14,3,53,85,8
10,9,32,13,22
5,2,18,63,17
11,10,2,86,79
9,0,10,60,38
23,5,47,41,86
10,3,34,97,50
24,10,36,29,19
30,0,4,98,14
18,2,19,103,101
19,1,5,93,85
2,4,25,101,25
28,6,44,30,81
1,5,7,13,41
4,10,53,112,37
5,6,8,22,91
24,6,46,93,101
19,9,35,49,100
1,3,17,96,10
21,8,56,53,45
2,0,27,8,77
8,1,13,7,102
14,1,39,78,63
21,8,32,32,2
13,4,51,14,79
15,8,20,4,75
19,9,56,108,53
14,5,43,95,21
13,5,21,9,46
8,4,40,56,108
6,3,16,97,32
24,9,48,47,24
16,3,45,77,65
3,7,28,80,35
11,6,17,107,66
13,9,15,3,3
3,0,42,22,62
9,4,20,41,40
21,2,21,13,21
21,6,13,89,6
18,8,29,57,83
15,1,38,48,30
16,8,21,17,89
21,1,1,81,39
9,8,44,73,33
1,4,8,71,57
7,5,41,25,55
12,1,0,25,43
19,8,38,32,5
1,4,30,62,34
0,8,0,56,95
6,9,0,86,97
9,4,43,36,84
30,7,11,28,58
6,6,26,25,84
24,9,35,94,10
4,7,44,20,42
24,3,45,55,70
8,5,31,104,4
9,7,48,67,16
10,10,25,103,111
3,7,34,101,79
0,9,5,24,1
15,0,50,11,94
23,7,56,74,73
13,1,41,3,2
5,4,41,80,38
4,1,4,85,48
12,6,34,12,25
17,10,1,26,60
22,3,53,4,48
7,10,52,103,49
16,3,42,17,4
17,5,28,0,88
26,6,43,46,86
21,5,7,99,34
25,8,22,52,89
11,8,52,72,48
2,0,24,69,42
12,4,52,110,46
27,3,38,9,102
23,4,22,43,65
1,1,24,23,109
13,6,11,87,100
0,10,53,93,54
14,5,49,93,52
29,1,51,82,90
2,8,44,67,43
27,2,0,63,16
10,7,7,24,44
18,5,29,106,92
13,5,23,26,33
18,3,12,73,70
12,9,28,105,24
22,4,0,60,62
20,2,14,64,36
13,10,47,45,34
9,3,1,45,10
3,7,48,79,57
12,3,17,71,85
0,3,43,109,10
30,3,45,17,103
10,4,22,102,85
5,3,12,8,40
25,3,5,56,110
30,3,52,54,65
19,3,39,80,14
14,9,40,48,2
26,5,19,111,103
22,2,51,9,16
29,1,45,72,103
11,1,14,10,97
2,1,14,16,13
13,10,31,100,31
27,10,23,66,9
3,7,2,38,22
7,9,17,12,47
13,0,31,15,8
18,8,45,63,19
12,0,45,29,73
16,7,38,6,102
2,5,13,76,30
12,9,0,69,99
27,5,12,42,11
9,7,52,2,110
23,9,40,28,9
10,4,25,105,1
7,7,7,37,92
10,2,55,106,1
24,8,17,32,94
5,4,36,49,103
2,6,32,90,43
16,3,31,45,111
20,9,10,8,79
3,2,35,111,9
16,0,12,111,19
16,8,42,20,74
6,6,47,36,80
28,7,36,9,111
24,8,43,68,58
11,0,43,73,80
11,8,38,30,111
23,5,36,109,42
30,6,11,66,100
26,10,4,78,85
20,2,37,64,13
26,7,8,39,78
4,1,47,51,15
7,8,4,79,7
3,7,8,7,90
4,5,16,69,17
8,0,36,89,25
6,0,54,14,95
5,10,14,74,10
19,3,56,60,23
4,6,33,33,11
24,9,46,83,91
24,1,50,3,11
20,5,17,4,0
2,5,12,43,55
5,9,54,53,101
30,4,43,33,87
24,2,1,25,29
20,8,44,42,26
15,4,43,97,6
14,3,34,7,91
24,4,39,17,10
18,7,16,26,49
24,9,43,70,41
18,5,35,104,80
14,5,56,93,67
21,2,29,42,24
29,7,0,96,60
28,6,27,84,104
18,3,41,112,25
20,6,43,7,90
20,5,41,30,63
19,5,3,63,77
10,6,54,9,90
27,4,20,103,23
20,7,27,72,60
10,2,54,78,36
4,9,26,89,93
14,2,17,106,86
2,9,7,97,75
15,10,43,103,110
14,3,33,4,110
20,1,29,44,7
9,4,31,9,56
25,3,23,53,23
8,8,33,76,64
18,6,48,94,0
1,6,2,78,10
11,3,56,10,22
16,2,46,70,25
2,2,14,61,33
9,7,3,16,18
14,0,17,34,112
14,2,26,92,69
1,6,34,5,73
1,7,28,13,24
11,2,20,4,89
26,10,0,63,15
9,8,25,64,89
2,8,12,28,97
20,5,21,83,9
27,7,5,44,24
27,4,56,55,23
2,4,36,61,108
19,8,51,38,41
19,9,1,100,96
16,0,47,108,29
12,6,14,112,20
14,1,44,29,50
18,2,27,2,81
17,0,4,7,107
30,3,15,3,75
25,4,12,99,37
23,7,10,100,76
28,10,21,103,52
1,1,19,25,64
14,7,4,68,81
29,5,40,77,36
25,4,40,110,27
18,5,6,48,54
20,5,1,87,32
6,8,30,87,105
10,8,27,94,44
19,4,51,2,94
15,5,1,70,30
16,0,37,61,67
4,6,51,6,0
30,1,40,49,83
1,5,21,98,87
14,10,53,48,32
3,9,16,89,36
25,3,15,16,96
28,9,6,55,20
26,9,30,89,8
10,10,15,54,7
22,10,21,70,8
2,8,53,17,63
16,2,3,14,44
20,4,52,56,93
5,5,21,15,7
1,5,33,78,79
7,10,50,47,96
22,8,15,45,104
14,7,4,24,55
14,7,49,43,10
16,1,38,55,86
16,6,39,7,97
19,9,28,30,91
5,4,48,29,57
11,7,6,11,1
11,10,40,75,95
29,2,28,1,86
9,2,37,29,11
12,10,7,52,40
13,5,5,95,75
24,6,3,96,98
10,10,2,103,46
21,9,24,101,89
19,9,20,68,87
1,6,56,72,77
25,1,54,5,86
20,1,44,102,8
20,2,4,1,72
10,5,50,111,33
2,3,8,92,93
10,5,3,31,107
3,5,51,104,40
17,10,28,7,57
21,4,3,9,45
12,4,19,7,95
9,9,39,16,103
8,10,40,56,61
23,6,27,23,47
27,4,4,36,63
21,7,6,5,38
30,5,43,40,97
29,9,3,44,62
19,8,35,77,40
27,7,3,83,69
4,6,18,31,95
10,2,54,37,24
2,2,24,16,29
18,0,25,77,75
21,2,6,50,21
4,3,39,61,5
29,10,48,84,88
11,4,26,15,45
9,1,14,84,52
30,3,55,9,59
20,2,38,9,112
22,6,50,32,59
21,1,42,69,41
12,1,39,26,101
4,1,0,63,108
19,7,29,90,51
22,8,24,94,59
30,0,29,104,111
2,0,50,45,59
9,6,27,109,57
17,8,56,28,19
12,1,39,56,18
20,1,39,91,94
25,4,6,38,96
10,9,21,46,49
26,2,41,99,53
4,1,43,70,3
21,10,50,37,111
22,6,1,111,17
26,4,29,83,100
30,3,33,31,40
23,3,21,67,48
21,4,37,34,111
29,7,12,40,80
16,10,6,89,19
2,2,6,69,51
20,2,0,64,46
21,8,38,13,1
13,2,45,6,55
16,0,4,44,101
11,0,37,52,104
0,10,50,90,84
11,5,53,79,22
9,5,12,62,19
5,7,36,35,75
30,7,8,10,23
6,8,40,26,27
10,4,32,17,12
30,8,16,107,2
24,7,22,66,50
15,2,26,29,60
6,8,30,39,19
7,2,46,94,34
4,9,39,70,43
4,9,28,26,25
2,7,11,15,2
9,10,15,47,63
27,10,8,92,50
25,9,51,104,20
3,6,2,100,38
16,8,3,18,106
24,10,8,4,109
17,10,19,30,70
26,8,37,89,35
23,4,27,56,29
28,5,32,83,24
16,7,41,97,62
1,8,48,58,77
21,3,22,14,92
10,1,19,2,63
28,7,37,63,55
24,4,56,107,55
19,5,34,4,109
4,6,49,34,20
19,4,9,35,62
12,2,9,75,85
4,4,30,49,7
5,0,19,38,45
5,0,38,105,13
26,8,21,10,8
22,2,18,7,41
24,5,23,35,90
19,4,0,109,61
25,7,33,78,77
28,8,37,49,37
5,0,42,63,18
23,7,43,2,30
14,7,9,110,66
1,4,3,48,63
13,0,15,49,102
11,6,32,56,27
21,4,52,5,53
23,9,53,28,62
7,3,35,26,1
14,0,54,48,39
19,8,3,23,80
9,5,27,84,20
24,3,22,55,43
23,6,12,68,80
25,8,12,6,39
14,6,40,84,87
7,6,12,39,79
17,3,50,4,54
7,2,4,69,78
9,10,21,97,15
30,6,12,44,76
25,6,42,3,16
25,3,30,77,67
15,4,44,96,36
28,1,44,43,43
26,6,29,106,92
6,10,38,33,47
11,3,44,103,103
21,8,21,96,88
30,9,54,75,110
18,10,37,27,16
14,4,36,96,47
14,4,21,3,72
24,10,39,43,60
9,8,19,92,8
24,4,26,106,2
12,6,21,79,57
16,3,10,55,47
16,1,6,110,53
13,2,29,54,31
30,2,56,100,26
5,4,50,93,41
26,1,2,94,88
6,10,31,96,29
25,7,14,7,111
19,9,0,103,40
4,7,40,13,81
27,4,14,70,60
8,9,44,49,100
1,7,14,92,35
20,3,29,86,71
15,5,39,36,43
27,0,13,109,73
11,2,15,68,101
17,0,30,59,42
29,8,47,54,89
3,0,49,73,24
22,2,52,92,16
27,1,21,72,41
16,4,51,98,100
27,4,47,66,80
3,2,24,33,73
9,7,13,20,29
2,0,25,48,90
24,3,11,59,75
5,1,52,95,78
8,2,0,30,30
14,0,23,16,104
28,7,0,1,104
16,3,4,35,31
4,5,22,102,62
26,6,1,87,72
13,4,35,35,60
2,7,7,10,2
30,5,9,31,40
29,7,18,98,65
7,0,28,69,112
26,5,12,37,12
14,1,40,43,49
28,2,37,73,96
11,0,48,50,18
29,4,23,4,79
0,6,2,78,41
13,1,1,35,10
1,8,12,46,67
12,7,12,34,62
16,2,18,84,59
11,3,11,32,77
7,4,14,100,93
12,6,56,83,34
2,0,16,103,8
11,1,46,98,57
7,3,11,77,49
0,6,21,1,99
10,7,54,15,24
29,3,35,39,101
3,0,15,72,98
26,3,11,84,35
22,7,12,41,91
20,1,1,107,18
10,8,11,33,46
25,10,53,108,108
4,3,16,22,99
4,7,6,56,7
1,6,1,59,60
9,10,53,2,31
29,4,43,56,28
26,5,8,1,81
15,2,24,59,0
22,10,41,4,41
26,0,50,45,45
4,8,56,61,105
24,8,7,81,79
22,1,21,108,61
15,4,13,71,71
14,7,19,27,18
19,10,29,52,100
0,4,15,7,34
28,3,23,74,40
2,5,51,10,62
0,0,23,35,40
8,10,42,78,77
6,3,10,70,68
26,1,33,40,25
4,3,51,8,105
17,10,39,56,103
30,6,56,23,82
23,5,27,33,24
19,0,56,98,76
16,2,45,100,77
13,4,4,35,15
3,9,7,33,37
24,1,9,111,93
9,6,56,63,7
7,3,8,16,94
9,0,50,29,24
3,0,12,80,67
1,9,12,22,102
7,7,34,18,64
13,9,24,111,36
20,2,44,79,31
25,5,23,83,101
19,1,20,6,48
14,3,38,29,54
2,2,27,14,89
3,7,40,83,104
26,1,15,4,109
28,10,2,23,1
15,9,48,87,38
19,5,39,64,33
17,10,37,110,26
0,0,12,56,18
20,0,54,74,37
16,5,34,40,3
18,10,18,5,3
7,2,50,70,83
22,8,9,91,82
4,1,20,29,97
9,2,15,7,53
13,7,3,91,10
0,3,40,33,47
19,5,50,32,59
11,8,17,2,99
7,10,55,86,18
18,5,8,108,57
13,7,54,109,80
5,3,32,108,48
21,0,37,45,71
21,6,56,69,20
2,5,31,91,76
16,2,13,5,56
11,4,46,76,97
2,0,5,30,40
30,7,50,44,13
16,7,30,13,35
17,8,50,9,58
16,4,42,64,35
25,8,39,56,25
16,7,4,14,90
17,3,10,65,77
0,9,32,9,58
12,2,24,30,36
27,8,48,26,20
15,5,56,41,75
1,5,41,73,16
20,7,48,47,41
12,4,32,106,2
11,9,23,105,15
8,8,31,87,6
23,2,33,53,111
0,1,29,9,41
11,8,11,82,70
25,2,20,54,61
2,7,45,112,47
11,4,23,36,18
7,4,33,18,40
23,8,44,3,106
21,5,30,41,92
20,7,45,77,48
3,0,31,100,70
24,10,30,46,3
18,8,17,42,80
23,6,37,52,55
24,2,25,83,82
10,0,40,47,41
4,9,50,60,50
1,5,37,37,22
11,9,41,79,41
17,3,2,3,78
10,5,13,20,107
26,1,14,47,97
20,10,12,5,4
5,8,28,37,82
26,6,55,19,36
24,3,15,75,41
21,8,25,3,72
14,10,13,13,96
22,7,19,77,72
15,8,27,27,5
20,2,56,103,65
5,9,24,40,7
25,4,36,65,92
4,5,10,91,91
2,6,53,99,91
22,10,23,94,16
24,5,16,65,63
30,1,35,100,8
14,1,5,74,8
1,8,8,91,17
9,10,48,44,19
6,1,5,27,13
1,0,18,48,66
25,2,28,106,20
6,2,33,74,91
28,0,22,4,30
1,3,14,84,11
10,1,37,92,96
29,7,2,19,46
9,3,29,48,45
16,1,32,97,43
12,0,39,83,10
26,9,21,10,52
17,10,27,9,43
15,6,28,28,96
8,10,29,72,8
1,7,27,64,63
24,8,26,73,51
20,9,23,80,69
6,9,51,70,7
9,4,31,93,67
11,0,20,53,53
27,5,17,68,82
24,3,24,93,101
1,9,1,15,50
27,1,11,108,88
20,0,28,112,19
10,3,14,67,70
8,10,16,102,105
3,7,41,6,11
25,1,4,77,104
11,7,22,60,26
13,10,5,84,57
28,0,18,67,20
12,5,53,66,14
23,8,32,56,97
14,6,32,40,111
28,5,34,34,33
30,0,41,24,29
12,9,5,107,30
10,4,50,73,7
5,8,17,37,82
15,0,14,31,87
22,1,6,42,71
15,4,7,31,3
11,1,4,102,6
29,3,23,98,82
25,8,2,46,107
16,1,34,29,89
8,1,12,58,28
25,3,21,40,61
2,8,12,95,5
23,6,43,14,5
13,3,21,88,28
2,3,16,30,97
13,8,19,56,29
19,10,47,93,19
26,3,52,112,111
5,9,49,52,17
17,10,43,46,64
9,2,54,10,40
10,8,17,45,41
3,8,12,71,49
2,6,45,64,96
10,1,38,9,81
21,10,8,46,85
9,9,54,83,50
9,5,48,61,2
14,10,45,77,65
19,7,47,29,97
22,10,34,57,37
13,6,16,100,63
5,1,0,53,3
22,2,49,29,85
14,2,19,72,91
11,8,18,105,89
14,6,52,105,53
1,8,22,16,70
23,5,50,68,8
27,10,25,31,5
29,2,25,99,25
11,8,52,52,75
19,9,37,86,4
13,7,48,74,26
8,5,41,85,29
20,5,0,17,74
25,8,30,77,62
30,5,41,33,0
1,5,32,101,44
2,6,48,36,89
21,10,9,43,10
20,6,55,40,74
12,5,25,15,112
11,9,14,10,47
16,3,14,52,65
25,9,46,53,106
23,8,47,64,21
21,3,13,18,50
5,6,30,73,27
30,8,14,63,19
0,4,33,80,68
4,5,37,112,0
27,7,50,98,80
19,7,35,25,95
21,6,48,23,79
25,0,29,112,36
14,0,46,58,34
1,4,52,1,71
4,9,29,21,47
2,0,21,15,65
7,8,50,53,49
24,2,5,33,20
20,4,20,97,106
11,0,54,70,25
11,4,12,91,96
12,3,27,60,77
30,3,49,95,32
18,5,44,12,42
1,0,26,16,25
19,4,13,111,41
4,8,28,4,33
21,8,28,106,50
14,8,54,55,15
30,9,35,3,83
11,9,1,88,36
11,2,23,21,57
14,1,8,9,3
24,0,36,16,57
2,7,55,65,77
18,5,8,110,83
4,2,19,67,85
16,2,47,49,65
11,4,0,54,98
12,5,31,45,51
10,9,51,16,26
20,3,42,51,23
8,3,53,89,14
7,4,22,71,5
30,4,21,30,49
3,1,14,91,102
0,9,26,37,13
23,6,27,15,95
5,9,43,43,111
15,3,48,105,26
16,1,25,43,25
12,5,48,75,97
29,7,49,77,72
17,2,44,78,94
3,7,34,13,95
8,9,19,92,38
24,1,20,5,106
8,9,37,9,88
22,10,1,94,86
14,4,36,45,27
6,0,50,57,75
19,9,2,52,104
9,6,8,80,38
22,1,9,57,46
29,0,21,94,59
15,5,36,106,6
6,5,40,55,82
3,6,51,37,80
4,6,38,96,29
27,1,38,61,72
2,3,36,89,107
14,10,55,17,32
5,9,25,93,27
28,0,24,23,65
22,10,13,92,3
14,10,25,98,39
2,6,4,75,1
25,0,34,104,27
21,4,24,65,106
30,8,12,10,23
27,0,30,19,110
10,5,6,0,42
21,8,21,75,26
11,9,36,75,63
22,2,28,47,92
2,5,40,86,49
17,8,19,83,92
17,3,5,58,41
9,2,10,48,58
28,0,6,41,50
9,10,43,56,77
27,6,35,22,96
5,7,11,65,21
22,9,2,92,62
22,9,52,75,61
29,8,44,35,71
22,1,38,98,76
20,3,31,12,36
5,6,1,29,101
25,4,11,38,85
11,6,12,63,109
16,2,4,43,31
7,2,24,6,9
3,5,18,72,78
6,1,13,66,13
25,7,14,67,0
4,9,18,74,109
7,0,42,65,3
25,8,33,108,79
15,6,4,54,6
0,4,29,36,109
11,1,3,41,1
17,6,23,49,35
18,8,33,40,0
11,6,0,96,38
14,2,10,22,56
25,2,20,18,48
17,7,55,5,93
4,8,26,104,72
19,3,25,94,20
28,7,10,112,12
2,6,7,93,6
2,10,8,26,47
9,9,34,55,27
12,3,26,66,82
22,8,30,35,24
23,9,47,73,54
15,8,4,112,94
16,3,24,78,112
13,3,55,40,47
24,1,13,12,9
13,4,8,44,35
26,6,55,36,53
18,5,13,21,83
2,10,19,15,2
4,9,27,36,38
10,1,52,35,98
20,1,45,62,4
2,10,42,56,15
14,6,30,28,38
14,6,10,21,18
21,5,38,36,33
16,5,36,33,58
11,3,19,77,102
4,5,37,96,26
28,5,12,13,15
26,9,32,29,81
24,10,45,85,95
17,0,43,35,87
20,4,29,18,101
18,2,17,12,3
5,5,12,26,112
24,9,0,70,60
30,7,9,107,22
4,9,28,65,1
13,2,4,96,14
16,7,52,21,11
29,0,25,3,92
27,3,38,76,30
1,3,51,5,58
26,10,15,69,111
3,5,33,68,74
16,2,21,102,88
4,1,36,24,71
9,1,56,0,34
5,0,31,62,34
5,3,29,106,2
10,9,29,105,89
29,2,36,3,72
22,4,2,47,61
7,0,47,26,8
11,5,5,36,93
30,1,18,73,88
30,4,41,54,19
16,7,56,93,27
28,7,29,56,8
9,0,22,66,50
27,5,44,16,86
2,3,53,106,48
8,8,45,58,3
6,3,50,37,4
20,3,19,14,63
30,8,25,91,55
17,8,39,90,106
8,4,52,108,59
4,8,51,15,52
20,7,54,56,22
9,9,11,55,1
19,2,26,63,73
17,10,15,33,5
2,0,11,11,84
16,6,39,110,8
20,9,46,17,98
5,10,27,35,112
18,8,29,93,35
30,0,24,85,90
18,4,42,14,36
4,2,11,45,92
5,0,44,102,61
21,4,36,10,25
19,3,6,95,102
23,9,25,101,34
28,4,44,28,3
19,0,2,93,85
10,7,15,9,34
26,10,56,41,111
29,0,55,20,24
18,1,10,64,30
1,6,17,42,88
26,10,56,35,57
27,4,40,58,103
0,10,34,80,0
2,10,18,94,83
1,5,42,65,5
30,1,4,86,111
20,0,44,99,72
24,4,46,9,106
18,10,46,90,109
8,6,13,88,55
20,3,31,40,71
6,6,26,4,89
24,8,48,55,62
18,1,35,12,101
13,5,7,90,29
19,7,23,101,91
20,9,4,66,108
0,8,48,40,95
15,1,6,24,6
28,2,32,107,36
20,3,49,71,46
17,8,49,84,11
9,7,20,107,76
20,8,26,112,47
30,0,28,80,58
9,0,10,4,105
15,3,16,81,60
7,8,13,80,69
25,4,32,1,20
25,5,2,31,47
21,7,29,17,84
12,6,1,75,47
9,2,4,48,92
14,0,40,111,70
2,5,44,28,69
22,10,43,86,18
1,5,47,25,41
5,5,29,33,94
14,10,24,60,81
13,4,21,19,44
15,3,47,62,52
14,8,25,104,22
6,4,54,23,74
10,0,12,93,51
19,10,25,63,47
4,4,2,36,59
10,6,0,16,44
27,0,16,25,98
22,8,7,81,37
10,4,45,112,18
23,3,8,11,104
27,2,20,66,86
11,5,42,109,96
12,6,47,92,63
4,10,29,95,86
24,2,31,27,69
11,1,29,0,52
16,6,4,55,46
17,8,5,8,55
3,10,35,62,11
10,9,42,71,77
7,10,15,78,32
14,10,45,26,17
3,3,28,90,42
8,6,8,22,45
14,3,30,4,82
7,9,52,53,59
4,2,17,88,57
3,6,53,33,96
1,4,10,78,69
9,9,10,48,110
30,5,53,80,87
12,7,1,74,21
27,8,38,30,5
19,2,6,81,43
13,3,11,44,64
7,10,18,61,110
30,2,7,67,80
27,9,34,84,18
28,8,47,23,76
5,10,25,112,43
26,3,10,38,69
10,2,4,107,80
29,4,42,29,106
18,8,48,112,95
23,2,0,37,20
10,6,43,85,108
6,2,17,62,102
24,10,9,62,73
5,9,28,101,17
15,2,22,80,104
16,5,11,50,101
14,1,13,76,26
15,8,45,45,105
28,8,2,69,88
9,1,43,61,50
15,2,34,37,10
0,5,13,12,105
2,2,28,28,53
30,0,44,14,112
12,5,3,112,14
16,6,53,96,64
14,6,40,97,69
30,4,51,36,5
7,7,33,53,66
6,10,41,57,13
18,4,42,41,73
11,2,45,31,0
1,3,42,84,32
1,1,6,54,70
9,2,24,14,85
15,2,44,22,21
19,0,19,59,94
28,9,28,40,29
26,9,3,84,87
20,4,38,14,90
21,9,0,44,100
15,9,3,89,42
9,9,49,50,62
17,3,24,90,14
0,9,49,16,41
27,3,12,99,93
3,3,15,112,107
13,10,23,61,102
4,0,15,107,47
28,5,12,103,70
8,1,5,110,50
23,7,1,62,66
11,2,26,76,84
24,8,1,52,104
12,9,0,87,50
11,7,21,30,28
1,10,52,3,73
12,5,12,37,44
1,2,43,34,95
18,6,42,64,52
17,7,4,27,88
6,7,14,108,96
11,2,56,100,13
17,2,6,52,28
9,3,51,7,81
2,3,53,71,82
12,0,53,98,58
16,6,42,41,19
14,0,10,33,106
24,4,46,86,88
17,6,10,40,96
8,3,2,52,24
26,10,26,50,91
19,3,32,103,0
21,3,6,56,101
19,1,52,54,64
3,2,20,51,102
4,7,20,33,13
3,9,35,6,63
12,7,40,34,18
11,5,12,62,9
25,7,39,93,88
10,3,13,28,39
17,6,34,43,30
30,6,25,81,96
11,0,27,104,51
24,9,7,5,38
4,6,14,39,105
6,5,13,57,26
19,6,6,52,69
16,9,22,28,81
12,9,20,73,12
16,9,11,112,104
1,8,0,21,24
1,8,25,68,3
1,10,41,26,2
4,0,20,99,3
22,8,0,80,37
10,1,24,14,15
25,7,13,78,26
15,7,29,78,23
16,0,14,42,105
14,3,4,16,99
4,8,42,77,87
19,8,52,69,9
28,6,17,2,8
16,0,41,92,32
4,8,39,2,57
10,6,23,102,15
29,8,2,48,54
19,10,4,11,45
10,0,56,99,84
5,3,13,90,51
12,4,26,42,1
19,7,19,45,89
23,6,49,98,76
26,4,38,98,38
9,4,31,70,43
18,7,6,8,49
10,2,45,83,47
16,6,34,6,26
26,4,50,66,38
16,9,54,26,54
17,0,36,46,79
15,8,10,68,75
22,2,16,25,61
18,7,6,20,81
9,10,38,107,78
15,7,20,68,75
26,1,40,50,5
0,8,44,110,86
11,1,24,91,62
10,2,43,29,4
21,9,49,37,63
3,8,44,102,40
13,2,8,20,44
18,6,21,47,3
9,6,11,42,32
25,5,40,52,89
28,7,48,27,60
23,0,56,70,110
27,2,44,93,102
22,7,20,31,49
20,9,54,1,96
0,3,42,4,68
19,7,30,108,98
15,1,4,2,12
8,4,21,96,54
30,5,1,67,88
20,10,38,13,75
25,2,37,64,79
24,1,28,50,112
18,1,24,101,44
18,1,32,62,87
7,7,40,5,62
23,10,47,20,3
1,5,14,36,48
18,1,32,38,4
15,8,37,3,62
5,6,45,29,97
16,8,0,80,11
20,9,14,98,60
23,2,1,88,32
19,6,39,31,69
24,8,48,4,11
26,6,7,34,10
12,0,19,95,31
4,2,15,15,92
26,5,47,104,106
21,9,27,100,91
7,10,48,48,80
1,2,15,83,12
18,2,39,51,58
30,2,5,16,48
22,2,3,104,95
3,0,8,94,43
6,6,23,112,30
0,4,31,34,77
14,4,18,110,60
10,7,12,10,4
13,4,9,9,41
4,10,24,9,39
13,2,13,64,70
22,1,41,92,99
6,2,2,90,90
13,3,15,97,109
16,0,46,93,57
24,9,38,53,27
19,4,28,2,78
29,0,47,1,52
15,7,56,95,12
27,7,21,106,1
27,7,8,69,87
23,8,17,77,16
23,0,20,19,75
1,9,41,12,110
22,7,50,94,86
4,3,48,75,99
16,3,2,101,3
6,9,33,50,64
17,10,50,24,56
10,7,26,106,8
21,7,41,77,64
15,6,52,109,23
16,7,18,39,59
12,1,48,100,35
10,9,1,41,89
30,9,14,54,72
5,0,54,65,49
14,3,46,95,102
29,8,21,2,68
17,4,21,38,83
10,9,15,35,92
17,10,13,58,6
11,8,34,25,32
21,3,3,12,74
24,0,42,33,15
27,2,15,83,89
23,2,51,73,66
21,0,43,60,62
20,10,44,48,22
25,5,46,37,57
22,0,14,54,37
8,2,38,11,109
19,0,55,28,20
15,10,24,52,5
6,9,33,71,37
30,9,20,35,76
7,4,11,61,42
8,5,28,36,54
17,1,40,89,14
9,0,0,68,87
7,1,4,64,19
30,6,55,31,107
9,2,31,48,9
24,2,4,2,25
9,10,12,63,61
22,4,3,93,62
6,9,40,50,31
22,10,9,47,0
22,9,13,97,49
15,9,8,69,99
10,8,5,91,95
15,2,11,13,103
11,7,37,57,83
17,9,35,28,22
29,5,53,73,98
29,0,50,3,48
25,1,13,50,5
23,4,15,98,38
8,5,32,29,23
9,5,5,57,28
3,6,27,47,43
18,1,46,61,110
21,6,29,72,87
17,8,19,13,74
12,1,10,82,108
28,4,46,39,63
12,7,12,42,29
26,2,15,18,91
11,1,27,103,56
30,4,11,80,103
24,5,38,10,89
25,8,15,12,14
4,6,19,71,12
9,8,18,21,21
1,3,36,26,17
9,3,28,110,16
30,9,40,62,94
22,0,12,75,77
2,1,17,31,72
11,9,55,10,3
29,10,50,18,56
14,8,30,51,63
20,1,5,78,46
8,7,23,107,101
23,9,25,60,89
15,4,24,66,55
6,6,10,92,2
6,9,30,107,90
26,5,28,72,67
17,4,27,97,88
8,8,32,29,47
29,9,39,7,81
17,9,47,98,69
22,5,27,63,13
8,2,48,32,53
4,9,9,52,60
3,9,52,39,4
19,7,50,94,35
23,8,30,43,55
18,10,1,106,71
7,7,48,19,89
7,7,24,4,54
1,2,27,41,8
21,9,54,88,8
28,3,5,72,11
16,4,48,76,33
7,3,19,52,112
20,0,38,111,85
7,1,34,0,45
1,0,9,34,60
3,7,35,88,51
13,10,46,26,64
10,1,11,96,31
22,3,16,71,112
15,9,24,101,17
3,6,29,62,15
21,6,19,69,3
24,0,29,63,20
4,5,18,40,11
0,5,24,83,73
30,8,35,30,23
17,10,38,41,85
29,3,30,59,25
5,0,4,90,57
13,10,21,61,84
20,3,8,65,69
29,4,45,71,47
28,4,30,109,71
28,1,12,94,33
15,4,9,93,61
15,4,12,10,8
20,8,0,13,101
6,8,0,54,84
24,5,55,89,23
30,0,32,9,74
9,1,46,48,52
10,10,46,16,14
9,5,23,96,71
20,5,31,1,5
1,6,25,20,29
29,9,26,66,25
24,9,25,95,18
2,0,47,15,38
20,2,23,21,17
18,3,24,25,95
7,5,31,56,89
17,5,19,111,50
23,10,41,14,1
23,7,37,4,47
27,7,4,54,7
29,0,26,63,65
1,10,56,21,100
29,2,2,80,1
29,7,7,102,14
5,2,24,67,67
13,10,36,62,85
28,7,10,17,34
26,8,12,95,74
5,5,48,111,67
29,7,27,70,1
29,6,16,53,38
1,0,49,51,112
26,8,48,1,103
12,4,46,37,17
25,9,22,15,40
15,10,32,55,31
5,5,45,37,110
29,8,31,92,61
23,8,40,112,102
30,0,44,86,27
27,3,23,34,24
29,9,44,66,84
9,10,3,41,60
28,5,41,78,61
1,5,24,47,61
0,1,27,72,27
9,2,47,83,12
18,4,15,21,22
19,0,15,18,49
3,5,30,37,70
29,6,2,66,81
10,10,52,87,80
9,8,23,26,69
14,2,40,102,109
20,9,45,78,102
17,9,43,91,9
16,6,1,47,18
15,2,44,66,85
28,9,42,77,16
30,1,41,32,109
4,4,9,60,65
27,5,16,59,18
16,0,38,26,110
14,4,29,42,97
8,6,43,95,8
6,1,9,92,61
25,7,16,109,65
3,3,15,17,9
10,5,38,21,72
5,7,37,67,21
23,4,42,91,31
14,3,53,106,80
20,8,10,60,96
8,4,0,1,52
22,2,7,40,107
5,1,49,53,80
0,5,5,22,46
23,0,41,19,28
10,3,45,60,105
25,1,24,8,33
9,7,25,0,52
18,8,45,39,7
21,0,37,89,96
24,7,5,24,55
6,8,33,25,5
5,2,12,88,111
19,3,56,12,41
27,5,27,68,99
20,7,10,58,50
28,8,53,42,3
12,4,27,12,24
26,5,16,7,85
13,2,44,79,92
16,1,19,59,47
10,8,32,76,50
2,10,34,20,57
12,2,42,8,77
21,3,56,44,107
3,0,24,81,110
5,7,37,71,28
4,6,19,28,95
15,8,46,44,16
10,1,26,80,61
29,0,48,1,78
7,4,56,24,101
0,0,46,35,65
8,10,55,36,52
12,9,5,105,82
7,1,6,111,111
14,5,40,54,96
24,7,36,74,81
8,0,49,93,20
30,1,51,39,30
10,8,22,47,76
9,10,52,79,66
18,4,9,98,36
23,0,17,51,63
18,9,47,32,98
0,4,13,71,9
8,10,47,69,55
20,3,25,82,76
11,5,44,84,3
22,3,19,25,53
7,3,0,9,8
1,4,10,75,71
21,4,52,19,10
3,8,31,13,90
14,5,0,93,99
9,7,6,27,18
5,10,4,35,98
12,1,49,22,82
21,4,44,33,5
16,2,26,72,47
29,2,33,13,35
28,4,26,16,50
28,1,41,102,35
22,0,18,66,59
24,9,46,75,83
9,8,27,82,103
22,8,10,98,43
3,1,11,49,38
20,3,23,42,107
29,8,11,73,68
30,5,45,98,77
9,8,8,109,41
11,5,12,75,39
19,4,31,77,109
7,2,11,35,60
7,4,32,103,65
30,9,7,94,62
4,3,28,111,49
15,2,36,78,96
4,1,52,85,111
14,4,13,60,107
23,9,11,26,88
19,5,12,21,75
11,8,3,0,88
13,7,47,100,71
22,0,11,29,87
17,2,51,27,77
29,0,48,11,76
15,7,12,102,84
24,10,16,78,100
17,0,55,18,73
25,1,26,18,17
21,6,28,21,60
26,0,40,60,43
6,1,39,111,11
24,6,6,0,88
7,6,55,41,62
21,2,40,9,43
24,9,10,6,68
19,9,5,17,66
27,10,18,65,78
25,7,5,103,80
2,9,24,56,8
16,5,7,54,32
14,4,17,85,80
16,5,4,60,34
22,3,21,41,34
11,10,1,38,111
2,8,37,64,36
29,1,15,97,76
18,7,30,15,65
3,9,31,30,29
1,2,43,71,40
26,1,48,50,41
17,7,6,48,30
28,1,0,99,72
16,7,3,49,24
6,4,17,90,44
18,10,48,60,39
17,10,0,45,24
4,7,42,39,105
5,7,37,107,42
10,3,50,66,66
27,3,2,40,86
16,2,6,67,52
14,9,13,10,35
3,4,33,77,33
21,5,50,107,76
6,6,0,27,54
22,2,24,21,85
18,10,38,81,84
15,5,33,106,24
2,5,48,35,98
28,7,17,91,78
16,7,31,18,100
14,0,30,107,17
25,1,48,55,102
1,7,21,71,98
14,1,38,56,88
4,5,27,62,37
16,7,21,88,24
13,7,23,100,87
14,2,43,32,87
18,4,56,87,46
1,5,21,15,91
17,9,20,71,69
14,9,52,55,70
21,2,15,83,41
25,8,23,44,26
9,1,42,22,102
23,6,25,3,59
0,1,24,110,74
12,5,39,46,66
8,8,3,109,22
26,10,22,59,15
0,1,55,98,92
23,4,21,85,92
6,8,51,44,112
18,7,6,93,37
2,6,0,54,81
1,9,29,27,31
13,6,55,78,26
11,3,44,71,76
22,9,25,112,101
2,3,46,24,81
17,8,53,48,106
1,2,56,47,43
29,7,8,22,23
28,6,1,95,82
2,1,38,1,103
29,5,7,25,63
15,3,55,56,47
1,9,33,46,31
9,6,17,67,50
13,6,44,24,61
5,9,48,0,91
24,5,52,75,34
4,8,15,39,72
24,3,23,42,58
20,2,28,12,68
23,10,39,47,43
20,10,43,32,18
30,1,42,64,32
13,9,55,1,77
11,7,30,77,9
28,1,32,34,32
12,9,26,4,15
14,9,42,82,48
27,7,12,35,104
29,5,0,82,70
29,8,40,61,50
12,1,52,50,0
12,7,20,5,8
2,2,1,89,24
21,4,40,90,103
30,6,23,32,32
21,1,55,35,63
27,9,2,80,58
17,1,51,7,70
4,10,47,73,74
20,9,20,105,105
27,6,43,3,35
11,5,28,110,65
3,7,14,91,72
5,10,38,60,53
17,10,31,77,25
12,0,25,80,34
16,1,47,58,6
4,3,39,62,54
23,2,50,22,80
7,9,5,60,62
26,10,22,95,76
0,0,27,111,13
24,2,30,82,60
0,10,42,96,55
9,2,54,69,49
14,7,44,103,40
21,8,6,13,15
23,4,46,4,17
17,6,24,47,23
13,9,18,3,15
17,9,38,78,46
12,7,12,91,97
26,3,45,19,102
7,3,9,90,6
7,10,55,94,5
14,5,33,22,108
11,4,56,111,8
4,9,36,108,35
8,10,50,16,13
6,4,54,10,70
29,6,45,53,68
28,5,32,106,34
23,1,2,108,16
24,9,8,15,100
3,0,31,7,12
1,9,50,56,95
25,8,5,81,87
21,6,19,90,54
13,2,53,7,26
19,4,43,40,5
24,0,35,12,84
29,5,55,109,72
28,8,29,69,7
28,0,10,35,1
0,0,28,109,14
7,8,7,24,43
6,5,30,83,79
2,1,42,78,92
3,4,34,94,35
19,0,15,2,36
1,3,15,42,55
14,6,13,107,30
19,9,10,86,29
21,6,48,108,28
22,10,42,40,79
27,5,44,90,77
1,6,5,21,73
7,6,6,75,96
23,6,27,92,34
1,6,45,46,70
12,8,1,66,45
14,3,10,1,107
7,10,20,85,30
17,2,24,51,19
6,7,49,53,2
24,2,17,107,70
27,3,14,85,74
24,8,46,85,40
1,6,16,7,97
4,5,42,8,28
16,6,30,24,21
9,2,42,105,103
7,4,7,97,105
26,10,42,64,49
29,2,8,18,26
23,2,34,93,69
18,0,40,34,78
10,1,46,10,2
18,10,31,22,20
19,0,5,56,11
24,2,50,5,73
21,7,44,35,94
26,10,21,77,78
10,6,55,25,34
7,2,14,88,103
9,1,36,64,62
28,2,49,52,15
4,10,38,22,12
21,6,4,81,31
16,7,41,95,108
7,9,21,107,52
13,6,24,107,28
9,9,45,0,30
8,2,47,39,58
1,7,47,35,78
17,8,46,71,21
30,6,24,44,22
18,8,41,15,28
28,7,41,43,35
23,6,50,59,13
29,5,35,72,0
5,3,54,107,30
20,2,27,89,85
21,6,51,11,39
13,9,14,72,55
17,0,14,59,74
15,9,16,11,110
1,7,7,14,76
11,3,18,11,108
30,8,5,23,49
20,4,7,93,57
21,6,5,11,27
12,8,21,23,29
25,9,47,40,12
16,5,37,75,108
10,0,12,80,10
22,0,47,2,52
13,9,7,98,91
13,7,36,21,56
4,5,23,100,56
9,1,8,1,19
12,9,54,27,94
5,7,20,81,49
24,1,24,47,108
17,2,36,58,78
15,8,47,10,96
7,4,0,112,48
27,7,19,92,2
7,8,3,31,69
9,1,37,39,97
27,8,34,107,34
22,9,12,87,26
4,1,54,82,112
25,3,24,110,86
14,7,27,24,62
29,10,20,95,55
1,10,49,96,101
17,10,23,94,112
13,1,51,16,67
30,10,43,39,43
13,10,50,6,41
17,8,8,48,2
16,9,33,90,63
4,4,42,36,64
12,9,38,22,78
7,0,37,35,49
8,5,14,17,107
6,8,6,72,56
10,0,25,40,77
20,7,0,52,26
2,7,34,28,47
29,8,54,106,18
14,7,29,24,90
27,9,20,34,9
11,5,9,25,76
2,6,52,22,107
17,5,18,37,89
23,4,53,33,87
26,4,14,89,48
6,2,31,56,21
1,0,43,33,100
8,9,29,11,51
12,4,9,62,26
21,9,38,45,27
19,4,18,74,40
19,0,9,46,45
1,10,47,44,51
27,7,42,98,35
2,9,54,82,31
6,2,51,66,91
25,9,52,57,37
24,0,44,106,29
18,10,2,80,48
23,4,38,87,76
21,9,20,106,112
17,0,19,21,60
6,4,32,4,3
15,7,44,106,87
6,1,7,74,72
27,2,17,49,31
29,8,54,19,82
10,1,45,68,89
9,4,36,72,8
30,4,30,26,57
29,2,40,89,91
0,9,53,55,102
6,4,13,44,2
29,4,31,82,49
6,4,18,103,73
30,0,45,87,44
23,1,24,101,46
3,9,3,36,48
23,2,51,26,2
24,9,21,43,62
15,2,9,89,55
29,10,52,64,92
7,7,45,70,57
22,5,13,106,54
19,2,54,95,11
22,4,46,101,55
6,3,51,34,32
12,7,14,11,44
29,2,44,65,29
7,8,47,98,34
17,0,3,26,46
10,5,55,33,33
24,1,49,27,61
9,2,11,59,20
12,9,54,33,21
14,2,31,4,28
17,7,46,14,109
20,6,25,66,74
11,6,19,84,82
9,3,52,80,66
8,10,42,23,76
11,7,54,60,67
16,10,10,17,103
28,2,1,59,25
15,3,35,75,108
14,9,25,41,4
3,5,21,47,48
25,0,27,72,46
23,10,43,48,6
15,4,30,84,97
24,1,22,75,29
26,0,48,4,11
10,2,25,41,90
29,7,25,89,20
6,6,4,13,11
11,7,33,80,78
10,4,46,45,89
13,7,18,111,70
1,8,18,1,6
18,3,44,20,32
27,6,12,53,10
7,10,44,60,67
23,6,54,42,32
4,7,35,43,57
0,4,25,82,19
8,2,6,12,37
17,8,8,23,18
29,6,20,45,109
18,0,48,39,55
18,4,50,20,35
23,7,37,59,111
13,6,55,69,23
9,10,51,23,29
4,5,3,96,52
6,8,54,2,39
10,10,45,56,21
7,0,19,103,66
12,1,29,78,8
18,8,41,58,29
26,10,10,75,111
7,5,36,73,11
15,6,8,88,79
17,9,28,55,6
20,10,44,93,73
30,4,30,51,83
21,5,18,60,100
10,4,9,106,100
8,4,13,31,111
24,1,13,32,110
26,4,51,92,94
15,10,47,47,22
30,9,12,76,36
23,6,47,43,70
20,7,41,61,60
23,10,0,86,54
15,3,23,51,21
14,10,46,38,30
5,9,54,5,2
23,3,36,112,103
25,8,6,29,25
11,5,43,97,77
5,10,50,64,91
4,2,54,13,9
23,5,9,53,8
17,8,24,54,98
15,0,27,99,12
5,10,43,34,34
29,0,53,73,104
28,1,10,51,100
17,0,3,75,22
20,6,6,3,68
30,1,22,20,15
1,8,30,65,99
16,1,11,21,59
1,10,3,38,70
26,7,7,76,97
27,5,32,89,47
2,3,41,67,92
30,4,21,25,22
26,4,37,72,19
21,3,27,96,68
1,0,9,17,23
24,0,40,16,31
0,9,46,84,100
13,1,25,42,1
4,0,15,100,41
26,9,2,6,109
20,10,7,11,21
7,3,15,39,98
2,9,25,101,34
22,10,31,98,65
4,1,19,18,104
0,1,44,102,2
6,1,38,44,64
16,9,11,58,64
14,2,41,50,7
11,6,47,21,50
1,10,24,58,17
19,10,49,0,21
20,9,44,84,6
21,2,50,18,60
29,1,42,25,19
19,2,42,22,108
29,4,5,38,16
15,4,49,39,30
21,7,29,10,110
15,10,55,23,77
0,1,52,30,106
0,10,41,109,47
17,7,24,26,73
17,4,17,55,100
13,6,40,11,35
0,10,41,92,59
0,5,28,31,31
16,4,23,19,58
23,2,0,87,22
8,1,7,71,90
17,4,7,108,14
9,0,5,99,91
0,6,7,47,31
16,6,31,0,20
26,5,41,61,81
22,0,42,20,77
21,4,32,44,96
13,4,14,12,5
25,2,1,60,8
30,7,37,70,48
29,1,36,87,17
5,7,36,50,0
3,3,30,89,36
29,9,17,27,58
3,6,44,60,67
16,2,47,85,102
4,10,6,48,62
7,7,50,106,86
6,1,37,59,96
19,2,11,90,50
16,8,24,31,70
8,6,30,97,69
26,3,41,12,92
11,9,44,49,51
8,10,27,16,67
25,1,19,40,59
12,7,36,97,82
2,4,8,17,66
11,1,6,51,45
30,0,20,98,100
12,1,4,41,77
14,1,45,36,73
18,9,55,104,91
7,4,50,86,107
22,7,34,93,95
7,0,11,111,51
9,7,25,54,96
21,2,52,76,32
26,10,44,50,67
27,10,1,68,52
2,0,25,9,21
20,0,35,44,64
27,10,52,62,109
20,6,34,85,63
24,4,50,94,16
1,2,51,75,103
2,5,33,3,4
12,6,31,28,26
12,9,4,77,9
12,0,33,22,76
17,8,53,98,47
15,7,37,30,107
1,7,34,47,38
20,6,45,46,14
0,6,52,43,77
22,1,50,64,52
5,8,41,105,48
2,3,7,0,48
15,0,48,78,38
27,6,48,76,47
13,7,13,96,3
20,1,42,50,40
25,9,7,9,62
10,8,11,82,25
18,5,55,29,96
27,5,38,17,2
3,10,44,63,27
28,4,11,24,55
16,6,0,5,99
29,0,35,27,81
1,10,28,38,96
7,10,51,55,18
6,1,20,11,57
28,5,7,43,110
27,8,2,49,75
22,5,8,83,101
28,1,36,23,97
18,7,13,54,95
15,4,41,19,17
8,10,10,36,83
1,3,5,39,101
29,2,35,49,38
2,8,16,86,50
21,0,54,105,31
29,6,48,61,18
8,10,2,4,2
28,3,5,33,29
17,4,7,53,56
18,6,32,22,32
21,1,19,20,62
1,10,23,50,51
5,5,34,87,59
29,7,10,66,91
27,1,27,106,59
10,10,42,13,47
0,7,0,59,112
30,3,15,103,26
6,2,19,10,59
18,0,2,44,16
4,3,33,87,53
24,0,50,93,6
26,9,18,12,31
22,3,42,83,18
26,7,34,110,81
12,6,28,51,12
29,1,8,102,37
2,8,36,103,47
9,10,31,1,6
5,4,44,20,44
18,7,20,40,59
7,8,33,16,49
18,7,22,73,83
26,0,38,64,111
27,0,34,49,55
12,5,32,87,9
21,0,13,58,76
28,5,44,1,37
17,0,6,62,45
10,6,42,83,105
12,1,52,85,65
24,3,2,51,70
23,10,15,54,61
4,10,2,98,5
25,8,12,6,111
22,7,9,38,108
23,10,19,54,61
2,8,54,33,8
16,2,53,94,45
23,9,13,81,42
11,3,8,14,24
1,1,38,77,39
3,0,35,103,64
13,2,13,102,21
7,7,37,57,1
26,10,22,64,12
2,0,17,47,18
10,7,8,99,95
19,9,46,60,91
24,0,39,91,71
19,3,27,42,34
30,10,4,108,7
19,2,35,68,3
12,0,16,46,65
24,2,16,14,27
10,10,24,100,80
0,0,41,22,66
20,4,10,54,47
8,1,25,68,3
25,7,29,97,57
14,9,5,49,51
15,2,16,111,42
7,9,43,86,102
11,1,27,10,78
17,1,44,19,58
30,1,9,0,44
12,7,34,43,79
13,9,13,90,41
5,9,4,75,36
21,3,40,33,47
18,1,46,25,6
21,3,17,65,102
12,6,40,104,66
2,5,44,78,74
24,10,41,93,15
19,6,12,111,56
9,5,45,58,97
25,1,23,55,62
7,10,36,6,55
22,9,42,59,97
2,8,41,36,65
2,2,52,5,4
8,5,32,15,85
4,3,38,111,99
12,0,10,62,70
22,9,26,58,93
25,2,52,46,95
20,5,9,6,72
4,1,20,76,64
23,1,50,87,8
12,4,27,47,19
10,2,24,32,105
11,6,1,54,48
3,2,38,43,42
2,5,15,86,84
0,8,4,37,91
30,2,17,98,56
9,7,7,104,93
14,3,34,3,92
11,9,7,69,81
24,0,43,34,34
8,2,35,22,18
3,1,26,37,18
4,10,4,45,97
2,9,21,53,25
5,6,40,2,11
13,2,5,57,78
14,0,23,41,49
17,7,21,38,35
17,1,49,81,50
16,0,17,4,28
13,0,9,76,5
3,2,55,14,5
0,1,51,45,38
2,10,14,93,1
11,9,17,4,17
17,4,0,68,24
2,6,6,94,53
19,7,24,50,72
19,2,14,31,24
25,3,24,22,53
10,2,6,10,102
27,10,50,68,105
12,4,7,12,19
0,8,11,16,54
9,7,33,93,70
13,6,46,18,72
12,3,56,81,32
24,2,19,63,26
2,9,37,55,0
23,0,52,35,8
28,9,51,44,20
17,2,31,58,109
28,7,6,88,4
7,9,33,79,33
18,1,22,31,93
16,10,44,105,61
5,4,36,106,100
21,5,55,93,8
12,6,18,105,28
5,0,35,67,59
4,8,17,72,21
8,3,38,58,86
9,3,6,5,63
8,1,3,9,14
15,8,10,41,10
4,1,20,47,85
2,9,48,4,58
5,5,24,18,103
13,8,11,77,43
8,8,22,92,78
13,3,51,81,93
9,7,47,103,47
15,10,43,112,108
25,10,50,12,60
2,3,34,48,33
11,4,35,65,73
8,0,38,92,71
30,3,56,10,70
7,1,54,43,104
23,2,25,81,94
20,10,30,95,42
15,7,37,38,80
19,7,8,54,85
19,2,16,51,41
6,2,0,2,67
14,10,43,23,19
3,0,32,95,85
4,0,45,32,87
9,10,9,92,106
0,5,42,83,91
30,4,8,95,75
12,3,9,10,66
10,6,24,107,87
26,4,36,55,35
19,5,47,14,103
12,9,17,101,76
25,7,3,24,99
27,0,46,73,31
10,1,40,33,28
14,0,23,38,104
10,8,45,78,2
13,2,49,65,55
26,2,15,69,61
26,0,43,109,34
27,7,38,101,42
20,8,26,31,65
19,1,45,88,38
4,1,29,102,63
9,3,11,6,92
10,7,28,47,51
19,9,22,73,6
30,9,51,60,75
22,5,29,27,38
6,6,32,97,102
15,3,18,55,110
10,10,17,35,32
5,5,27,95,13
30,3,33,88,105
12,1,45,99,18
30,5,56,23,71
10,3,52,35,28
9,1,14,64,108
23,3,19,85,100
22,6,40,5,28
20,3,54,77,112
15,6,5,51,31
30,3,19,23,59
18,1,26,86,19
25,7,49,36,12
7,9,20,34,89
10,7,54,0,69
12,0,5,52,64
8,6,40,26,46
26,2,5,2,52
25,3,4,100,95
12,9,46,53,51
11,7,15,84,53
3,2,5,16,72
29,6,10,35,42
18,5,36,34,38
6,2,3,59,10
18,7,5,76,31
17,3,47,101,20
5,10,18,81,79
21,5,35,40,61
24,4,31,12,84
17,3,51,28,8
0,5,55,28,99
30,2,0,2,40
23,0,27,90,7
14,9,43,41,55
30,0,32,28,51
22,4,46,8,104
6,2,8,78,55
14,1,30,36,19
25,7,31,93,53
9,7,32,91,60
26,6,43,77,3
22,2,43,105,42
2,5,56,58,47
26,3,34,75,15
27,4,44,53,39
25,9,7,81,30
25,2,25,76,62
13,10,0,42,112
21,9,39,69,62
15,2,12,49,50
4,9,53,60,75
20,8,47,71,27
9,3,0,1,51
7,1,45,43,55
8,6,27,43,108
21,8,44,40,30
4,7,34,44,36
22,3,47,105,31
13,9,22,56,78
25,7,15,19,102
12,7,47,59,21
2,4,42,109,43
14,0,52,95,20
19,6,56,63,76
15,3,33,26,41
18,3,43,68,75
12,5,38,89,48
17,6,2,21,109
16,9,38,86,10
29,3,28,49,12
29,9,10,32,10
27,2,43,51,10
22,9,56,4,101
13,0,48,84,94
17,6,33,109,1
1,0,14,73,19
25,0,11,10,69
30,7,4,80,54
11,8,23,62,63
22,0,53,71,11
28,6,8,44,101
25,8,32,10,103
17,6,22,26,89
19,7,3,95,82
20,1,27,67,19
29,7,31,47,6
2,7,24,38,0
3,3,10,37,60
24,1,23,96,22
7,8,7,40,4
21,0,21,57,17
21,6,43,86,37
11,3,15,59,107
5,2,53,3,46
20,5,34,19,86
19,4,54,79,87
1,3,49,74,105
18,10,54,21,89
20,1,7,79,45
21,0,18,45,85
20,7,19,72,73
12,10,30,55,11
30,4,18,53,5
24,2,16,97,21
10,7,13,2,39
30,9,0,96,42
25,9,47,36,12
13,0,40,71,4
3,7,36,95,74
0,7,25,62,10
3,2,13,30,5
8,6,19,48,78
7,2,41,68,0
16,5,32,16,105
23,10,52,48,24
16,7,2,77,101
17,10,29,108,21
18,0,39,15,50
22,10,54,12,105
18,1,31,50,62
7,6,3,27,13
14,5,22,27,34
11,8,0,14,75
12,0,39,73,37
14,4,29,37,78
24,6,21,22,107
21,4,19,110,67
18,9,22,20,9
22,8,6,98,106
16,9,0,99,78
4,3,22,94,36
11,10,56,51,17
0,1,46,70,8
15,9,11,52,59
3,5,25,45,77
9,0,22,96,109
13,8,0,27,33
29,10,6,53,20
30,5,27,76,82
2,0,31,35,99
3,1,12,40,89
26,6,5,98,65
30,5,33,46,12
23,7,32,80,63
4,9,9,13,77
11,0,26,85,28
9,5,7,87,88
10,5,31,81,36
14,2,0,97,4
25,10,9,81,50
6,8,49,40,109
16,1,42,64,43
15,8,16,68,85
11,3,14,68,20
15,2,30,50,88
3,5,25,28,60
14,3,23,109,103
23,8,19,51,57
22,1,23,63,45
14,10,27,96,65
10,7,11,59,39
2,9,34,36,37
9,3,51,105,83
1,3,17,57,90
25,5,6,20,104
22,5,28,111,51
3,4,42,22,53
0,8,53,51,103
27,10,28,36,30
10,6,10,0,101
20,4,8,68,108
3,0,22,106,39
21,1,47,42,85
25,5,27,97,41
5,5,0,59,26
29,7,22,83,30
23,7,56,22,59
7,8,55,87,19
16,8,45,12,90
5,1,12,49,19
17,7,7,74,4
5,8,12,83,10
10,10,18,53,7
17,8,2,53,75
13,4,8,52,112
30,7,25,24,15
14,9,26,81,18
7,5,47,3,13
25,10,21,79,57
12,1,2,28,16
20,3,10,17,19
5,7,42,78,92
5,1,12,79,9
20,1,30,64,36
21,6,42,10,98
13,2,17,76,42
12,4,7,73,88
0,1,26,93,40
23,1,31,52,74
19,2,35,2,30
28,4,31,41,91
6,1,51,78,61
14,2,43,31,55
18,7,45,21,52
13,2,8,72,15
12,3,20,80,82
0,8,48,60,85
22,10,48,87,85
6,0,49,11,70
6,4,56,47,93
8,6,25,2,75
24,10,32,95,38
22,8,46,76,90
25,2,47,101,26
25,7,53,83,60
2,5,52,49,83
18,6,24,70,4
3,7,8,65,46
25,10,7,110,20
27,0,6,24,50
17,4,50,108,24
5,3,1,20,44
11,1,8,58,8
10,0,9,47,6
6,3,22,92,4
14,8,32,111,107
3,10,0,30,109
8,5,49,22,102
21,6,43,60,32
27,9,15,91,49
15,5,3,25,23
16,10,43,41,104
30,10,53,16,63
20,5,21,37,59
10,7,27,8,84
19,9,38,3,50
12,10,47,26,100
19,8,0,73,90
12,8,27,59,110
18,7,30,58,41
3,7,18,31,57
11,4,18,87,17
11,9,31,77,104
27,2,5,56,41
14,4,48,30,95
19,2,27,101,90
5,4,15,22,54
26,3,39,59,84
21,7,9,64,40
22,5,46,82,96
25,4,32,14,72
9,0,11,102,111
29,2,15,77,89
19,5,17,107,23
18,4,49,42,0
2,7,7,111,111
21,2,55,20,100
4,9,16,31,21
10,2,44,59,32
3,8,15,92,53
7,4,42,8,11
9,2,52,0,62
3,2,27,95,112
5,10,12,4,42
11,2,30,87,18
22,2,45,86,5
4,3,50,52,17
16,1,51,110,30
12,0,6,66,65
13,5,44,60,77
19,9,46,110,63
4,2,32,49,35
18,7,39,9,25
12,4,11,100,92
13,5,12,53,23
5,2,54,33,53
15,3,37,91,4
20,8,40,68,98
17,0,40,15,1
22,10,9,91,80
29,5,14,99,46
20,5,7,77,91
29,2,8,82,43
5,5,25,68,102
17,7,2,91,78
5,8,17,3,47
15,2,12,56,43
9,8,9,61,0
4,4,27,105,13
5,1,1,92,61
10,0,39,7,98
26,6,12,37,105
14,7,5,103,64
19,2,55,50,25
1,7,3,106,27
27,5,24,105,18
11,2,26,92,42
30,0,33,98,87
0,8,19,5,84
15,8,44,46,109
4,5,40,51,94
6,10,14,91,95
26,4,14,65,64
12,7,21,80,35
30,4,27,83,67
17,9,30,56,50
16,10,3,54,67
20,2,32,100,75
15,9,27,15,78
13,7,41,13,78
21,5,3,18,25
15,1,19,108,55
13,7,7,33,98
22,0,17,97,93
26,2,23,105,102
14,10,17,74,5
15,8,22,96,58
5,1,45,101,92
2,4,26,14,75
18,0,15,92,70
0,6,20,21,37
25,9,3,46,68
24,3,11,52,96
7,7,2,84,58
9,5,0,43,5
1,1,3,18,36
8,5,42,31,42
7,0,47,101,2
17,9,20,61,52
9,10,13,26,75
5,3,18,33,80
24,9,30,12,101
14,8,17,42,8
18,3,38,82,60
23,4,6,88,106
24,3,27,9,112
24,0,11,58,53
15,1,16,90,59
17,8,31,62,77
16,7,23,96,73
3,10,21,31,29
18,10,19,96,40
3,1,7,33,106
8,8,6,43,75
24,6,42,37,28
17,3,0,88,57
26,7,43,56,33
11,5,35,42,38
17,9,49,100,83
26,9,55,57,109
24,8,8,89,4
1,0,21,33,104
24,10,23,72,29
23,5,47,35,85
14,6,51,76,74
17,2,23,4,32
6,6,47,97,50
13,5,49,17,33
3,6,37,18,0
23,5,33,66,67
26,0,38,36,29
20,4,23,3,5
24,5,15,28,28
7,5,41,112,105
9,4,17,47,57
27,7,13,72,30
1,8,37,46,50
14,1,24,91,0
8,3,5,37,55
11,7,56,39,6
27,6,6,91,9
26,7,8,20,102
2,4,40,72,102
14,2,47,81,35
27,6,38,39,68
3,6,7,60,104
24,2,2,91,69
25,9,37,56,53
7,9,56,86,2
6,1,41,37,64
25,2,52,19,111
23,3,12,95,93
18,4,12,103,101
22,7,45,88,98
11,8,28,16,81
27,5,6,18,100
22,1,4,77,39
19,9,34,37,98
20,6,39,109,76
13,1,21,49,84
5,0,19,32,6
19,6,46,81,63
4,10,30,29,74
25,4,48,3,27
6,6,12,108,68
26,2,34,27,84
6,8,46,74,70
